,Date,HomeTeam,AwayTeam,FTHG,FTAG,FTR,HTGS,ATGS,HTGC,ATGC,HTP,ATP,Attendance,HM1,HM2,HM3,HM4,HM5,AM1,AM2,AM3,AM4,AM5,MW,HTFormPtsStr,ATFormPtsStr,HTFormPts,ATFormPts,HTWinStreak3,HTWinStreak5,HTLossStreak3,HTLossStreak5,ATWinStreak3,ATWinStreak5,ATLossStreak3,ATLossStreak5,HTGD,ATGD,DiffPts,DiffFormPts
0,10-08-18,Man United,Leicester,2,1,H,0,0,0,0,0.0,0.0,74439,M,M,M,M,M,M,M,M,M,M,1.0,MMMMM,MMMMM,0,0,0,0,0,0,0,0,0,0,0.0,0.0,0.0,0.0
1,11-08-18,Bournemouth,Cardiff,2,0,H,0,0,0,0,0.0,0.0,10353,M,M,M,M,M,M,M,M,M,M,1.0,MMMMM,MMMMM,0,0,0,0,0,0,0,0,0,0,0.0,0.0,0.0,0.0
2,11-08-18,Fulham,Crystal Palace,0,2,A,0,0,0,0,0.0,0.0,24821,M,M,M,M,M,M,M,M,M,M,1.0,MMMMM,MMMMM,0,0,0,0,0,0,0,0,0,0,0.0,0.0,0.0,0.0
3,11-08-18,Huddersfield,Chelsea,0,3,A,0,0,0,0,0.0,0.0,24121,M,M,M,M,M,M,M,M,M,M,1.0,MMMMM,MMMMM,0,0,0,0,0,0,0,0,0,0,0.0,0.0,0.0,0.0
4,11-08-18,Newcastle,Tottenham,1,2,A,0,0,0,0,0.0,0.0,51749,M,M,M,M,M,M,M,M,M,M,1.0,MMMMM,MMMMM,0,0,0,0,0,0,0,0,0,0,0.0,0.0,0.0,0.0
5,11-08-18,Watford,Brighton,2,0,H,0,0,0,0,0.0,0.0,20051,M,M,M,M,M,M,M,M,M,M,1.0,MMMMM,MMMMM,0,0,0,0,0,0,0,0,0,0,0.0,0.0,0.0,0.0
6,11-08-18,Wolves,Everton,2,2,D,0,0,0,0,0.0,0.0,31231,M,M,M,M,M,M,M,M,M,M,1.0,MMMMM,MMMMM,0,0,0,0,0,0,0,0,0,0,0.0,0.0,0.0,0.0
7,12-08-18,Arsenal,Man City,0,2,A,0,0,0,0,0.0,0.0,59934,M,M,M,M,M,M,M,M,M,M,1.0,MMMMM,MMMMM,0,0,0,0,0,0,0,0,0,0,0.0,0.0,0.0,0.0
8,12-08-18,Liverpool,West Ham,4,0,H,0,0,0,0,0.0,0.0,53235,M,M,M,M,M,M,M,M,M,M,1.0,MMMMM,MMMMM,0,0,0,0,0,0,0,0,0,0,0.0,0.0,0.0,0.0
9,12-08-18,Southampton,Burnley,0,0,D,0,0,0,0,0.0,0.0,30784,M,M,M,M,M,M,M,M,M,M,1.0,MMMMM,MMMMM,0,0,0,0,0,0,0,0,0,0,0.0,0.0,0.0,0.0
10,18-08-18,Cardiff,Newcastle,0,0,D,0,1,2,2,0.0,0.0,30720,L,M,M,M,M,L,M,M,M,M,2.0,LMMMM,LMMMM,0,0,0,0,0,0,0,0,0,0,-1.0,-0.5,0.0,0.0
11,18-08-18,Chelsea,Arsenal,3,2,H,3,0,0,2,1.5,0.0,40491,W,M,M,M,M,L,M,M,M,M,2.0,WMMMM,LMMMM,3,0,0,0,0,0,0,0,0,0,1.5,-1.0,1.5,1.5
12,18-08-18,Everton,Southampton,2,1,H,2,0,2,0,0.5,0.5,38601,D,M,M,M,M,D,M,M,M,M,2.0,DMMMM,DMMMM,1,1,0,0,0,0,0,0,0,0,0.0,0.0,0.0,0.0
13,18-08-18,Leicester,Wolves,2,0,H,1,2,2,2,0.0,0.5,32043,L,M,M,M,M,D,M,M,M,M,2.0,LMMMM,DMMMM,0,1,0,0,0,0,0,0,0,0,-0.5,0.0,-0.5,-0.5
14,18-08-18,Tottenham,Fulham,3,1,H,2,0,1,2,1.5,0.0,58297,W,M,M,M,M,L,M,M,M,M,2.0,WMMMM,LMMMM,3,0,0,0,0,0,0,0,0,0,0.5,-1.0,1.5,1.5
15,18-08-18,West Ham,Bournemouth,1,2,A,0,2,4,0,0.0,1.5,56888,L,M,M,M,M,W,M,M,M,M,2.0,LMMMM,WMMMM,0,3,0,0,0,0,0,0,0,0,-2.0,1.0,-1.5,-1.5
16,19-08-18,Brighton,Man United,3,2,H,0,2,2,1,0.0,1.5,30592,L,M,M,M,M,W,M,M,M,M,2.0,LMMMM,WMMMM,0,3,0,0,0,0,0,0,0,0,-1.0,0.5,-1.5,-1.5
17,19-08-18,Burnley,Watford,1,3,A,0,2,0,0,0.5,1.5,18822,D,M,M,M,M,W,M,M,M,M,2.0,DMMMM,WMMMM,1,3,0,0,0,0,0,0,0,0,0.0,1.0,-1.0,-1.0
18,19-08-18,Man City,Huddersfield,6,1,H,2,0,0,3,1.5,0.0,54021,W,M,M,M,M,L,M,M,M,M,2.0,WMMMM,LMMMM,3,0,0,0,0,0,0,0,0,0,1.0,-1.5,1.5,1.5
19,20-08-18,Crystal Palace,Liverpool,0,2,A,2,4,0,0,1.5,1.5,25750,W,M,M,M,M,W,M,M,M,M,2.0,WMMMM,WMMMM,3,3,0,0,0,0,0,0,0,0,1.0,2.0,0.0,0.0
20,25-08-18,Arsenal,West Ham,3,1,H,2,1,5,6,0.0,0.0,59830,L,L,M,M,M,L,L,M,M,M,3.0,LLMMM,LLMMM,0,0,0,0,0,0,0,0,0,0,-1.0,-1.6666666666666667,0.0,0.0
21,25-08-18,Bournemouth,Everton,2,2,D,4,4,1,3,2.0,1.3333333333333333,10654,W,W,M,M,M,W,D,M,M,M,3.0,WWMMM,WDMMM,6,4,0,0,0,0,0,0,0,0,1.0,0.3333333333333333,0.6666666666666666,0.6666666666666666
22,25-08-18,Huddersfield,Cardiff,0,0,D,1,0,9,2,0.0,0.3333333333333333,21193,L,L,M,M,M,D,L,M,M,M,3.0,LLMMM,DLMMM,0,1,0,0,0,0,0,0,0,0,-2.6666666666666665,-0.6666666666666666,-0.3333333333333333,-0.3333333333333333
23,25-08-18,Liverpool,Brighton,1,0,H,6,3,0,4,2.0,1.0,53294,W,W,M,M,M,W,L,M,M,M,3.0,WWMMM,WLMMM,6,3,0,0,0,0,0,0,0,0,2.0,-0.3333333333333333,1.0,1.0
24,25-08-18,Southampton,Leicester,1,2,A,1,3,2,2,0.3333333333333333,1.0,29925,L,D,M,M,M,W,L,M,M,M,3.0,LDMMM,WLMMM,1,3,0,0,0,0,0,0,0,0,-0.3333333333333333,0.3333333333333333,-0.6666666666666666,-0.6666666666666666
25,25-08-18,Wolves,Man City,1,1,D,2,8,4,1,0.3333333333333333,2.0,31322,L,D,M,M,M,W,W,M,M,M,3.0,LDMMM,WWMMM,1,6,0,0,0,0,0,0,0,0,-0.6666666666666666,2.3333333333333335,-1.6666666666666667,-1.6666666666666667
26,26-08-18,Fulham,Burnley,4,2,H,1,1,5,3,0.0,0.3333333333333333,23438,L,L,M,M,M,L,D,M,M,M,3.0,LLMMM,LDMMM,0,1,0,0,0,0,0,0,0,0,-1.3333333333333333,-0.6666666666666666,-0.3333333333333333,-0.3333333333333333
27,26-08-18,Newcastle,Chelsea,1,2,A,1,6,2,2,0.3333333333333333,2.0,51791,D,L,M,M,M,W,W,M,M,M,3.0,DLMMM,WWMMM,1,6,0,0,0,0,0,0,0,0,-0.3333333333333333,1.3333333333333333,-1.6666666666666667,-1.6666666666666667
28,26-08-18,Watford,Crystal Palace,2,1,H,5,2,1,2,2.0,1.0,20014,W,W,M,M,M,L,W,M,M,M,3.0,WWMMM,LWMMM,6,3,0,0,0,0,0,0,0,0,1.3333333333333333,0.0,1.0,1.0
29,27-08-18,Man United,Tottenham,0,3,A,4,5,4,2,1.0,2.0,74400,L,W,M,M,M,W,W,M,M,M,3.0,LWMMM,WWMMM,3,6,0,0,0,0,0,0,0,0,0.0,1.0,-1.0,-1.0
30,01-09-18,Brighton,Fulham,2,2,D,3,5,5,7,0.75,0.75,30526,L,W,L,M,M,W,L,L,M,M,4.0,LWLMM,WLLMM,3,3,0,0,0,0,0,0,0,0,-0.5,-0.5,0.0,0.0
31,01-09-18,Chelsea,Bournemouth,2,0,H,8,6,3,3,2.25,1.75,40178,W,W,W,M,M,D,W,W,M,M,4.0,WWWMM,DWWMM,9,7,0,0,0,0,0,0,0,0,1.25,0.75,0.5,0.5
32,01-09-18,Crystal Palace,Southampton,0,2,A,3,2,4,4,0.75,0.25,25495,L,L,W,M,M,L,L,D,M,M,4.0,LLWMM,LLDMM,3,1,0,0,0,0,0,0,0,0,-0.25,-0.5,0.5,0.5
33,01-09-18,Everton,Huddersfield,1,1,D,6,1,5,9,1.25,0.25,38767,D,W,D,M,M,D,L,L,M,M,4.0,DWDMM,DLLMM,5,1,0,0,0,0,0,0,0,0,0.25,-2.0,1.0,1.0
34,01-09-18,Leicester,Liverpool,1,2,A,5,7,3,0,1.5,2.25,32149,W,W,L,M,M,W,W,W,M,M,4.0,WWLMM,WWWMM,6,9,0,0,0,0,0,0,0,0,0.5,1.75,-0.75,-0.75
35,01-09-18,Man City,Newcastle,2,1,H,9,2,2,4,1.75,0.25,53946,D,W,W,M,M,L,D,L,M,M,4.0,DWWMM,LDLMM,7,1,0,0,0,0,0,0,0,0,1.75,-0.5,1.5,1.5
36,01-09-18,West Ham,Wolves,0,1,A,2,3,9,5,0.0,0.5,56947,L,L,L,M,M,D,L,D,M,M,4.0,LLLMM,DLDMM,0,2,0,0,0,0,0,0,0,0,-1.75,-0.5,-0.5,-0.5
37,02-09-18,Burnley,Man United,0,2,A,3,4,7,7,0.25,0.75,21525,L,L,D,M,M,L,L,W,M,M,4.0,LLDMM,LLWMM,1,3,0,0,0,0,0,0,0,0,-1.0,-0.75,-0.5,-0.5
38,02-09-18,Cardiff,Arsenal,2,3,A,0,5,2,6,0.5,0.75,32316,D,D,L,M,M,W,L,L,M,M,4.0,DDLMM,WLLMM,2,3,0,0,0,0,0,0,0,0,-0.5,-0.25,-0.25,-0.25
39,02-09-18,Watford,Tottenham,2,1,H,7,8,2,2,2.25,2.25,20141,W,W,W,M,M,W,W,W,M,M,4.0,WWWMM,WWWMM,9,9,0,0,0,0,0,0,0,0,1.25,1.5,0.0,0.0
40,15-09-18,Bournemouth,Leicester,4,2,H,6,6,5,5,1.4,1.2,10543,L,D,W,W,M,L,W,W,L,M,5.0,LDWWM,LWWLM,7,6,0,0,0,0,0,0,0,0,0.2,0.2,0.2,0.2
41,15-09-18,Chelsea,Cardiff,4,1,H,10,2,3,5,2.4,0.4,40499,W,W,W,W,M,L,D,D,L,M,5.0,WWWWM,LDDLM,12,2,0,0,0,0,0,0,0,0,1.4,-0.6,2.0,2.0
42,15-09-18,Huddersfield,Crystal Palace,0,1,A,2,3,10,6,0.4,0.6,23696,D,D,L,L,M,L,L,L,W,M,5.0,DDLLM,LLLWM,2,3,0,0,0,0,0,0,0,0,-1.6,-0.6,-0.2,-0.2
43,15-09-18,Man City,Fulham,3,0,H,11,7,3,9,2.0,0.8,53307,W,D,W,W,M,D,W,L,L,M,5.0,WDWWM,DWLLM,10,4,0,0,0,0,0,0,0,0,1.6,-0.4,1.2,1.2
44,15-09-18,Newcastle,Arsenal,1,2,A,3,8,6,8,0.2,1.2,52165,L,L,D,L,M,W,W,L,L,M,5.0,LLDLM,WWLLM,1,6,0,0,0,0,0,0,0,0,-0.6,0.0,-1.0,-1.0
45,15-09-18,Tottenham,Liverpool,1,2,A,9,9,4,1,1.8,2.4,80188,L,W,W,W,M,W,W,W,W,M,5.0,LWWWM,WWWWM,9,12,0,0,0,0,0,0,0,0,1.0,1.6,-0.6,-0.6
46,15-09-18,Watford,Man United,1,2,A,9,6,3,7,2.4,1.2,20537,W,W,W,W,M,W,L,L,W,M,5.0,WWWWM,WLLWM,12,6,0,0,0,0,0,0,0,0,1.2,-0.2,1.2,1.2
47,16-09-18,Everton,West Ham,1,3,A,7,2,6,10,1.2,0.0,39161,D,D,W,D,M,L,L,L,L,M,5.0,DDWDM,LLLLM,6,0,0,0,0,0,0,0,0,0,0.2,-1.6,1.2,1.2
48,16-09-18,Wolves,Burnley,1,0,H,4,3,5,9,1.0,0.2,30406,W,D,L,D,M,L,L,L,D,M,5.0,WDLDM,LLLDM,5,1,0,0,0,0,0,0,0,0,-0.2,-1.2,0.8,0.8
49,17-09-18,Southampton,Brighton,2,2,D,4,5,4,7,0.8,0.8,28811,W,L,L,D,M,D,L,W,L,M,5.0,WLLDM,DLWLM,4,4,0,0,0,0,0,0,0,0,0.0,-0.4,0.0,0.0
50,22-09-18,Brighton,Tottenham,1,2,A,7,10,9,6,0.8333333333333334,1.5,30531,D,D,L,W,L,L,L,W,W,W,6.0,DDLWL,LLWWW,5,9,0,0,0,0,1,0,0,0,-0.3333333333333333,0.6666666666666666,-0.6666666666666666,-0.6666666666666666
51,22-09-18,Burnley,Bournemouth,4,0,H,3,10,10,7,0.16666666666666666,1.6666666666666667,18636,L,L,L,L,D,W,L,D,W,W,6.0,LLLLD,WLDWW,1,10,0,0,0,0,0,0,0,0,-1.1666666666666667,0.5,-1.5,-1.5
52,22-09-18,Cardiff,Man City,0,5,A,3,14,9,3,0.3333333333333333,2.1666666666666665,32321,L,L,D,D,L,W,W,D,W,W,6.0,LLDDL,WWDWW,2,13,0,0,0,0,0,0,0,0,-1.0,1.8333333333333333,-1.8333333333333333,-1.8333333333333333
53,22-09-18,Crystal Palace,Newcastle,0,0,D,4,4,6,8,1.0,0.16666666666666666,25679,W,L,L,L,W,L,L,L,D,L,6.0,WLLLW,LLLDL,6,1,0,0,0,0,0,0,0,0,-0.3333333333333333,-0.6666666666666666,0.8333333333333334,0.8333333333333334
54,22-09-18,Fulham,Watford,1,1,D,7,10,12,5,0.6666666666666666,2.0,23418,L,D,W,L,L,L,W,W,W,W,6.0,LDWLL,LWWWW,4,12,0,0,0,0,1,0,0,0,-0.8333333333333334,0.8333333333333334,-1.3333333333333333,-1.3333333333333333
55,22-09-18,Leicester,Huddersfield,3,1,H,8,2,9,11,1.0,0.3333333333333333,31676,L,L,W,W,L,L,D,D,L,L,6.0,LLWWL,LDDLL,6,2,0,0,0,0,0,0,0,0,-0.16666666666666666,-1.5,0.6666666666666666,0.6666666666666666
56,22-09-18,Liverpool,Southampton,3,0,H,11,6,2,6,2.5,0.8333333333333334,50965,W,W,W,W,W,D,W,L,L,D,6.0,WWWWW,DWLLD,15,5,1,1,0,0,0,0,0,0,1.5,0.0,1.6666666666666667,1.6666666666666667
57,22-09-18,Man United,Wolves,1,1,D,8,5,8,5,1.5,1.3333333333333333,74489,W,W,L,L,W,W,W,D,L,D,6.0,WWLLW,WWDLD,9,8,0,0,0,0,0,0,0,0,0.0,0.0,0.16666666666666666,0.16666666666666666
58,23-09-18,Arsenal,Everton,2,0,H,10,8,9,9,1.5,1.0,59964,W,W,W,L,L,L,D,D,W,D,6.0,WWWLL,LDDWD,9,6,0,0,0,0,0,0,0,0,0.16666666666666666,-0.16666666666666666,0.5,0.5
59,23-09-18,West Ham,Chelsea,0,0,D,5,14,11,4,0.5,2.5,56875,W,L,L,L,L,W,W,W,W,W,6.0,WLLLL,WWWWW,3,15,0,0,1,0,1,1,0,0,-1.0,1.6666666666666667,-2.0,-2.0
60,29-09-18,Arsenal,Watford,2,0,H,12,11,9,6,1.7142857142857142,1.8571428571428572,56938,W,W,W,W,L,D,L,W,W,W,7.0,WWWWL,DLWWW,12,10,0,0,0,0,1,0,0,0,0.42857142857142855,0.7142857142857143,-0.14285714285714285,0.2857142857142857
61,29-09-18,Chelsea,Liverpool,1,1,D,14,14,4,2,2.2857142857142856,2.5714285714285716,40625,D,W,W,W,W,W,W,W,W,W,7.0,DWWWW,WWWWW,13,15,1,0,0,0,1,1,0,0,1.4285714285714286,1.7142857142857142,-0.2857142857142857,-0.2857142857142857
62,29-09-18,Everton,Fulham,3,0,H,8,8,11,13,0.8571428571428571,0.7142857142857143,38788,L,L,D,D,W,D,L,D,W,L,7.0,LLDDW,DLDWL,5,5,0,0,0,0,0,0,0,0,-0.42857142857142855,-0.7142857142857143,0.14285714285714285,0.0
63,29-09-18,Huddersfield,Tottenham,0,2,A,3,12,14,7,0.2857142857142857,1.7142857142857142,23885,L,L,D,D,L,W,L,L,W,W,7.0,LLDDL,WLLWW,2,9,0,0,0,0,0,0,0,0,-1.5714285714285714,0.7142857142857143,-1.4285714285714286,-1.0
64,29-09-18,Man City,Brighton,2,0,H,19,8,3,11,2.2857142857142856,0.7142857142857143,54152,W,W,W,D,W,L,D,D,L,W,7.0,WWWDW,LDDLW,13,5,0,0,0,0,0,0,0,0,2.2857142857142856,-0.42857142857142855,1.5714285714285714,1.1428571428571428
65,29-09-18,Newcastle,Leicester,0,2,A,4,11,8,10,0.2857142857142857,1.2857142857142858,51523,D,L,L,L,D,W,L,L,W,W,7.0,DLLLD,WLLWW,2,9,0,0,0,0,0,0,0,0,-0.5714285714285714,0.14285714285714285,-1.0,-1.0
66,29-09-18,West Ham,Man United,3,1,H,5,9,11,9,0.5714285714285714,1.4285714285714286,56938,D,W,L,L,L,D,W,W,L,L,7.0,DWLLL,DWWLL,4,7,0,0,1,0,0,0,0,0,-0.8571428571428571,0.0,-0.8571428571428571,-0.42857142857142855
67,29-09-18,Wolves,Southampton,2,0,H,6,6,6,9,1.2857142857142858,0.7142857142857143,31147,D,W,W,D,L,L,D,W,L,L,7.0,DWWDL,LDWLL,8,4,0,0,0,0,0,0,0,0,0.0,-0.42857142857142855,0.5714285714285714,0.5714285714285714
68,30-09-18,Cardiff,Burnley,1,2,A,3,7,14,10,0.2857142857142857,0.5714285714285714,30411,L,L,L,D,D,W,L,L,L,L,7.0,LLLDD,WLLLL,2,3,0,0,0,0,0,0,1,0,-1.5714285714285714,-0.42857142857142855,-0.2857142857142857,-0.14285714285714285
69,01-10-18,Bournemouth,Crystal Palace,2,1,H,10,4,11,6,1.4285714285714286,1.0,10199,L,W,L,D,W,D,W,L,L,L,7.0,LWLDW,DWLLL,7,4,0,0,0,0,0,0,1,0,-0.14285714285714285,-0.2857142857142857,0.42857142857142855,0.42857142857142855
70,05-10-18,Brighton,West Ham,1,0,H,8,8,13,12,0.625,0.875,30544,L,L,D,D,L,W,D,W,L,L,8.0,LLDDL,WDWLL,2,7,0,0,0,0,0,0,0,0,-0.625,-0.5,-0.25,-0.625
71,06-10-18,Burnley,Huddersfield,1,1,D,9,3,11,16,0.875,0.25,20533,W,W,L,L,L,L,L,L,D,D,8.0,WWLLL,LLLDD,6,2,0,0,1,0,0,0,0,0,-0.25,-1.625,0.625,0.5
72,06-10-18,Crystal Palace,Wolves,0,1,A,5,8,8,6,0.875,1.5,25715,L,D,W,L,L,W,D,W,W,D,8.0,LDWLL,WDWWD,4,11,0,0,0,0,0,0,0,0,-0.375,0.25,-0.625,-0.875
73,06-10-18,Leicester,Everton,1,2,A,13,11,10,11,1.5,1.125,32007,W,W,L,L,W,W,L,L,D,D,8.0,WWLLW,WLLDD,9,5,0,0,0,0,0,0,0,0,0.375,0.0,0.375,0.5
74,06-10-18,Man United,Newcastle,3,2,H,10,4,12,10,1.25,0.25,74519,L,D,W,W,L,L,D,L,L,L,8.0,LDWWL,LDLLL,7,1,0,0,0,0,0,0,1,0,-0.25,-0.75,1.0,0.75
75,06-10-18,Tottenham,Cardiff,1,0,H,14,4,7,16,1.875,0.25,43268,W,W,L,L,W,L,L,L,L,D,8.0,WWLLW,LLLLD,9,1,0,0,0,0,0,0,0,0,0.875,-1.5,1.625,1.0
76,06-10-18,Watford,Bournemouth,0,4,A,11,12,8,12,1.625,1.625,20139,L,D,L,W,W,W,L,W,L,D,8.0,LDLWW,WLWLD,7,7,0,0,0,0,0,0,0,0,0.375,0.0,0.0,0.0
77,07-10-18,Fulham,Arsenal,1,5,A,8,14,16,9,0.625,1.875,25401,L,D,L,D,W,W,W,W,W,W,8.0,LDLDW,WWWWW,5,15,0,0,0,0,1,1,0,0,-1.0,0.625,-1.25,-1.25
78,07-10-18,Liverpool,Man City,0,0,D,15,21,3,3,2.375,2.375,52117,D,W,W,W,W,W,W,W,W,D,8.0,DWWWW,WWWWD,13,13,1,0,0,0,0,0,0,0,1.5,2.25,0.0,0.0
79,07-10-18,Southampton,Chelsea,0,3,A,6,15,11,5,0.625,2.125,27077,L,L,D,W,L,D,D,W,W,W,8.0,LLDWL,DDWWW,4,11,0,0,0,0,1,0,0,0,-0.625,1.25,-1.5,-0.875
80,20-10-18,Bournemouth,Southampton,0,0,D,16,6,12,14,1.7777777777777777,0.5555555555555556,10986,W,W,L,W,L,L,L,L,D,W,9.0,WWLWL,LLLDW,9,4,0,0,0,0,0,0,0,0,0.4444444444444444,-0.8888888888888888,1.2222222222222223,0.5555555555555556
81,20-10-18,Cardiff,Fulham,4,2,H,4,9,17,21,0.2222222222222222,0.5555555555555556,29681,L,L,L,L,L,L,L,D,L,D,9.0,LLLLL,LLDLD,0,2,0,0,1,1,0,0,0,0,-1.4444444444444444,-1.3333333333333333,-0.3333333333333333,-0.2222222222222222
82,20-10-18,Chelsea,Man United,2,2,D,18,13,5,14,2.2222222222222223,1.4444444444444444,40721,W,D,D,W,W,W,L,D,W,W,9.0,WDDWW,WLDWW,11,10,0,0,0,0,0,0,0,0,1.4444444444444444,-0.1111111111111111,0.7777777777777778,0.1111111111111111
83,20-10-18,Huddersfield,Liverpool,0,1,A,4,15,17,3,0.3333333333333333,2.2222222222222223,24263,D,L,L,L,D,D,D,W,W,W,9.0,DLLLD,DDWWW,2,11,0,0,0,0,1,0,0,0,-1.4444444444444444,1.3333333333333333,-1.8888888888888888,-1.0
84,20-10-18,Man City,Burnley,5,0,H,21,10,3,12,2.2222222222222223,0.8888888888888888,54094,D,W,W,W,W,D,W,W,L,L,9.0,DWWWW,DWWLL,13,7,1,0,0,0,0,0,0,0,2.0,-0.2222222222222222,1.3333333333333333,0.6666666666666666
85,20-10-18,Newcastle,Brighton,0,1,A,6,9,13,13,0.2222222222222222,0.8888888888888888,50329,L,L,D,L,L,W,L,L,D,D,9.0,LLDLL,WLLDD,1,5,0,0,0,0,0,0,0,0,-0.7777777777777778,-0.4444444444444444,-0.6666666666666666,-0.4444444444444444
86,20-10-18,West Ham,Tottenham,0,1,A,8,15,13,7,0.7777777777777778,2.0,56921,L,W,D,W,L,W,W,W,L,L,9.0,LWDWL,WWWLL,7,9,0,0,0,0,0,0,0,0,-0.5555555555555556,0.8888888888888888,-1.2222222222222223,-0.2222222222222222
87,20-10-18,Wolves,Watford,0,2,A,9,11,6,12,1.6666666666666667,1.4444444444444444,31144,W,W,D,W,W,L,L,D,L,W,9.0,WWDWW,LLDLW,13,4,0,0,0,0,0,0,0,0,0.3333333333333333,-0.1111111111111111,0.2222222222222222,1.0
88,21-10-18,Everton,Crystal Palace,2,0,H,13,5,12,9,1.3333333333333333,0.7777777777777778,38668,W,W,L,L,D,L,L,D,W,L,9.0,WWLLD,LLDWL,7,4,0,0,0,0,0,0,0,0,0.1111111111111111,-0.4444444444444444,0.5555555555555556,0.3333333333333333
89,22-10-18,Arsenal,Leicester,3,1,H,19,14,10,12,2.0,1.3333333333333333,59886,W,W,W,W,W,L,W,W,L,L,9.0,WWWWW,LWWLL,15,6,1,1,0,0,0,0,0,0,1.0,0.2222222222222222,0.6666666666666666,1.0
90,27-10-18,Brighton,Wolves,1,0,H,10,9,13,8,1.1,1.5,30654,W,W,L,L,D,L,W,W,D,W,10.0,WWLLD,LWWDW,7,10,0,0,0,0,0,0,0,0,-0.3,0.1,-0.4,-0.3
91,27-10-18,Fulham,Bournemouth,0,3,A,11,16,25,12,0.5,1.7,25071,L,L,L,D,L,D,W,W,L,W,10.0,LLLDL,DWWLW,1,10,0,0,0,0,0,0,0,0,-1.4,0.4,-1.2,-0.9
92,27-10-18,Leicester,West Ham,1,1,D,15,8,15,14,1.2,0.7,31848,L,L,W,W,L,L,L,W,D,W,10.0,LLWWL,LLWDW,6,7,0,0,0,0,0,0,0,0,0.0,-0.6,0.5,-0.1
93,27-10-18,Liverpool,Cardiff,4,1,H,16,8,3,19,2.3,0.5,53373,W,D,D,W,W,W,L,L,L,L,10.0,WDDWW,WLLLL,11,3,0,0,0,0,0,0,1,0,1.3,-1.1,1.8,0.8
94,27-10-18,Southampton,Newcastle,0,0,D,6,6,14,14,0.6,0.2,30736,D,L,L,L,D,L,L,L,D,L,10.0,DLLLD,LLLDL,2,1,0,0,0,0,0,0,0,0,-0.8,-0.8,0.4,0.1
95,27-10-18,Watford,Huddersfield,3,0,H,13,4,12,18,1.6,0.3,20457,W,L,L,D,L,L,D,L,L,L,10.0,WLLDL,LDLLL,4,1,0,0,0,0,0,0,1,0,0.1,-1.4,1.3,0.3
96,28-10-18,Burnley,Chelsea,0,4,A,10,20,17,7,0.8,2.1,21430,L,D,W,W,L,D,W,D,D,W,10.0,LDWWL,DWDDW,7,9,0,0,0,0,0,0,0,0,-0.7,1.3,-1.3,-0.2
97,28-10-18,Crystal Palace,Arsenal,2,2,D,5,22,11,11,0.7,2.1,25718,L,L,L,D,W,W,W,W,W,W,10.0,LLLDW,WWWWW,4,15,0,0,0,0,1,1,0,0,-0.6,1.1,-1.4,-1.1
98,28-10-18,Man United,Everton,2,1,H,15,15,16,12,1.4,1.5,74525,D,W,L,D,W,W,W,W,L,L,10.0,DWLDW,WWWLL,8,9,0,0,0,0,0,0,0,0,-0.1,0.3,-0.1,-0.1
99,29-10-18,Tottenham,Man City,0,1,A,16,26,7,3,2.1,2.3,56854,W,W,W,W,L,W,D,W,W,W,10.0,WWWWL,WDWWW,12,13,0,0,0,0,1,0,0,0,0.9,2.3,-0.2,-0.1
100,03-11-18,Arsenal,Liverpool,1,1,D,24,20,13,4,2.0,2.3636363636363638,59993,D,W,W,W,W,W,W,D,D,W,11.0,DWWWW,WWDDW,13,11,1,0,0,0,0,0,0,0,1.0,1.4545454545454546,-0.36363636363636365,0.18181818181818182
101,03-11-18,Bournemouth,Man United,1,2,A,19,17,12,17,1.8181818181818181,1.5454545454545454,10792,W,D,W,W,L,W,D,W,L,D,11.0,WDWWL,WDWLD,10,8,0,0,0,0,0,0,0,0,0.6363636363636364,0.0,0.2727272727272727,0.18181818181818182
102,03-11-18,Cardiff,Leicester,0,1,A,9,16,23,16,0.45454545454545453,1.1818181818181819,30877,L,W,L,L,L,D,L,L,W,W,11.0,LWLLL,DLLWW,3,7,0,0,1,0,0,0,0,0,-1.2727272727272727,0.0,-0.7272727272727273,-0.36363636363636365
103,03-11-18,Everton,Brighton,3,1,H,16,11,14,13,1.3636363636363635,1.2727272727272727,38966,L,W,W,W,L,W,W,W,L,L,11.0,LWWWL,WWWLL,9,9,0,0,0,0,0,0,0,0,0.18181818181818182,-0.18181818181818182,0.09090909090909091,0.0
104,03-11-18,Newcastle,Watford,1,0,H,6,16,14,12,0.2727272727272727,1.7272727272727273,49157,D,L,L,L,D,W,W,L,L,D,11.0,DLLLD,WWLLD,2,7,0,0,0,0,0,0,0,0,-0.7272727272727273,0.36363636363636365,-1.4545454545454546,-0.45454545454545453
105,03-11-18,West Ham,Burnley,4,2,H,9,10,15,21,0.7272727272727273,0.7272727272727273,56862,D,L,L,W,D,L,L,D,W,W,11.0,DLLWD,LLDWW,5,7,0,0,0,0,0,0,0,0,-0.5454545454545454,-1.0,0.0,-0.18181818181818182
106,03-11-18,Wolves,Tottenham,2,3,A,9,16,9,8,1.3636363636363635,1.9090909090909092,31185,L,L,W,W,D,L,W,W,W,W,11.0,LLWWD,LWWWW,7,12,0,0,0,0,1,0,0,0,0.0,0.7272727272727273,-0.5454545454545454,-0.45454545454545453
107,04-11-18,Chelsea,Crystal Palace,3,1,H,24,7,7,13,2.1818181818181817,0.7272727272727273,40407,W,D,W,D,D,D,L,L,L,D,11.0,WDWDD,DLLLD,9,2,0,0,0,0,0,0,0,0,1.5454545454545454,-0.5454545454545454,1.4545454545454546,0.6363636363636364
108,04-11-18,Man City,Southampton,6,1,H,27,6,3,14,2.3636363636363638,0.6363636363636364,53916,W,W,D,W,W,D,D,L,L,L,11.0,WWDWW,DDLLL,13,2,0,0,0,0,0,0,1,0,2.1818181818181817,-0.7272727272727273,1.7272727272727273,1.0
109,05-11-18,Huddersfield,Fulham,1,0,H,4,11,21,28,0.2727272727272727,0.45454545454545453,17082,L,L,D,L,L,L,L,L,L,D,11.0,LLDLL,LLLLD,1,1,0,0,0,0,0,0,0,0,-1.5454545454545454,-1.5454545454545454,-0.18181818181818182,0.0
110,10-11-18,Cardiff,Brighton,2,1,H,9,12,24,16,0.4166666666666667,1.1666666666666667,29402,L,L,W,L,L,L,W,W,W,L,12.0,LLWLL,LWWWL,3,9,0,0,0,0,0,0,0,0,-1.25,-0.3333333333333333,-0.75,-0.5
111,10-11-18,Crystal Palace,Tottenham,0,1,A,8,19,16,10,0.6666666666666666,2.0,25685,L,D,L,L,L,W,L,W,W,W,12.0,LDLLL,WLWWW,1,12,0,0,1,0,1,0,0,0,-0.6666666666666666,0.75,-1.3333333333333333,-0.9166666666666666
112,10-11-18,Huddersfield,West Ham,1,1,D,5,13,21,17,0.5,0.9166666666666666,24069,W,L,L,D,L,W,D,L,L,W,12.0,WLLDL,WDLLW,4,7,0,0,0,0,0,0,0,0,-1.3333333333333333,-0.3333333333333333,-0.4166666666666667,-0.25
113,10-11-18,Leicester,Burnley,0,0,D,17,12,16,25,1.3333333333333333,0.6666666666666666,32184,W,D,L,L,W,L,L,L,D,W,12.0,WDLLW,LLLDW,7,4,0,0,0,0,0,0,0,0,0.08333333333333333,-1.0833333333333333,0.6666666666666666,0.25
114,10-11-18,Newcastle,Bournemouth,2,1,H,7,20,14,14,0.5,1.6666666666666667,49266,W,D,L,L,L,L,W,D,W,W,12.0,WDLLL,LWDWW,4,10,0,0,1,0,0,0,0,0,-0.5833333333333334,0.5,-1.1666666666666667,-0.5
115,10-11-18,Southampton,Watford,1,1,D,7,16,20,13,0.5833333333333334,1.5833333333333333,28153,L,D,D,L,L,L,W,W,L,L,12.0,LDDLL,LWWLL,2,6,0,0,0,0,0,0,0,0,-1.0833333333333333,0.25,-1.0,-0.3333333333333333
116,11-11-18,Arsenal,Wolves,1,1,D,25,11,14,12,1.9166666666666667,1.25,60030,D,D,W,W,W,L,L,L,W,W,12.0,DDWWW,LLLWW,11,6,1,0,0,0,0,0,0,0,0.9166666666666666,-0.08333333333333333,0.6666666666666666,0.4166666666666667
117,11-11-18,Chelsea,Everton,0,0,D,27,19,8,15,2.25,1.5,40345,W,W,D,W,D,W,L,W,W,W,12.0,WWDWD,WLWWW,11,12,0,0,0,0,1,0,0,0,1.5833333333333333,0.3333333333333333,0.75,-0.08333333333333333
118,11-11-18,Liverpool,Fulham,2,0,H,21,11,5,29,2.25,0.4166666666666667,53128,D,W,W,D,D,L,L,L,L,L,12.0,DWWDD,LLLLL,9,0,0,0,0,0,0,0,1,1,1.3333333333333333,-1.5,1.8333333333333333,0.75
119,11-11-18,Man City,Man United,3,1,H,33,19,4,18,2.4166666666666665,1.6666666666666667,54316,W,W,W,D,W,W,W,D,W,L,12.0,WWWDW,WWDWL,13,10,0,0,0,0,0,0,0,0,2.4166666666666665,0.08333333333333333,0.75,0.25
120,24-11-18,Brighton,Leicester,1,1,D,13,17,18,16,1.0769230769230769,1.3076923076923077,30553,L,L,W,W,W,D,W,D,L,L,13.0,LLWWW,DWDLL,9,5,1,0,0,0,0,0,0,0,-0.38461538461538464,0.07692307692307693,-0.23076923076923078,0.3076923076923077
121,24-11-18,Everton,Cardiff,1,0,H,19,11,15,25,1.4615384615384615,0.6153846153846154,39139,D,W,L,W,W,W,L,L,W,L,13.0,DWLWW,WLLWL,10,6,0,0,0,0,0,0,0,0,0.3076923076923077,-1.0769230769230769,0.8461538461538461,0.3076923076923077
122,24-11-18,Fulham,Southampton,3,2,H,11,8,31,21,0.38461538461538464,0.6153846153846154,24603,L,L,L,L,L,D,L,D,D,L,13.0,LLLLL,DLDDL,0,3,0,0,1,1,0,0,0,0,-1.5384615384615385,-1.0,-0.23076923076923078,-0.23076923076923078
123,24-11-18,Man United,Crystal Palace,0,0,D,20,8,21,17,1.5384615384615385,0.6153846153846154,74516,L,W,W,D,W,L,L,D,L,L,13.0,LWWDW,LLDLL,10,1,0,0,0,0,0,0,0,0,-0.07692307692307693,-0.6923076923076923,0.9230769230769231,0.6923076923076923
124,24-11-18,Tottenham,Chelsea,3,1,H,20,27,10,8,2.076923076923077,2.1538461538461537,55465,W,W,L,W,W,D,W,W,D,W,13.0,WWLWW,DWWDW,12,11,0,0,0,0,0,0,0,0,0.7692307692307693,1.4615384615384615,-0.07692307692307693,0.07692307692307693
125,24-11-18,Watford,Liverpool,0,3,A,17,23,14,5,1.5384615384615385,2.3076923076923075,20540,D,L,W,W,L,W,D,W,W,D,13.0,DLWWL,WDWWD,7,11,0,0,0,0,0,0,0,0,0.23076923076923078,1.3846153846153846,-0.7692307692307693,-0.3076923076923077
126,24-11-18,West Ham,Man City,0,4,A,14,36,18,5,0.9230769230769231,2.4615384615384617,56886,D,W,D,L,L,W,W,W,W,D,13.0,DWDLL,WWWWD,5,13,0,0,0,0,0,0,0,0,-0.3076923076923077,2.3846153846153846,-1.5384615384615385,-0.6153846153846154
127,25-11-18,Bournemouth,Arsenal,1,2,A,21,26,16,15,1.5384615384615385,1.8461538461538463,10792,L,L,W,D,W,D,D,D,W,W,13.0,LLWDW,DDDWW,7,9,0,0,0,0,0,0,0,0,0.38461538461538464,0.8461538461538461,-0.3076923076923077,-0.15384615384615385
128,25-11-18,Wolves,Huddersfield,0,2,A,12,6,13,22,1.2307692307692308,0.5384615384615384,30130,D,L,L,L,W,D,W,L,L,D,13.0,DLLLW,DWLLD,4,5,0,0,0,0,0,0,0,0,-0.07692307692307693,-1.2307692307692308,0.6923076923076923,-0.07692307692307693
129,26-11-18,Burnley,Newcastle,1,2,A,12,9,25,15,0.6923076923076923,0.6923076923076923,20628,D,L,L,L,D,W,W,D,L,L,13.0,DLLLD,WWDLL,2,7,0,0,0,0,0,0,0,0,-1.0,-0.46153846153846156,0.0,-0.38461538461538464
130,30-11-18,Cardiff,Wolves,2,1,H,11,12,26,15,0.5714285714285714,1.1428571428571428,30213,L,W,L,L,W,L,D,L,L,L,14.0,LWLLW,LDLLL,6,1,0,0,0,0,0,0,1,0,-1.0714285714285714,-0.21428571428571427,-0.5714285714285714,0.35714285714285715
131,01-12-18,Crystal Palace,Burnley,2,0,H,8,13,17,27,0.6428571428571429,0.6428571428571429,25098,D,L,L,D,L,L,D,L,L,L,14.0,DLLDL,LDLLL,2,1,0,0,0,0,0,0,1,0,-0.6428571428571429,-1.0,0.0,0.07142857142857142
132,01-12-18,Huddersfield,Brighton,1,2,A,8,14,22,19,0.7142857142857143,1.0714285714285714,22973,W,D,W,L,L,D,L,L,W,W,14.0,WDWLL,DLLWW,7,7,0,0,0,0,0,0,0,0,-1.0,-0.35714285714285715,-0.35714285714285715,0.0
133,01-12-18,Leicester,Watford,2,0,H,18,17,17,17,1.2857142857142858,1.4285714285714286,31353,D,D,W,D,L,L,D,L,W,W,14.0,DDWDL,LDLWW,6,7,0,0,0,0,0,0,0,0,0.07142857142857142,0.0,-0.14285714285714285,-0.07142857142857142
134,01-12-18,Man City,Bournemouth,3,1,H,40,22,5,18,2.5,1.4285714285714286,54409,W,W,W,W,W,L,L,L,W,D,14.0,WWWWW,LLLWD,15,4,1,1,0,0,0,0,0,0,2.5,0.2857142857142857,1.0714285714285714,0.7857142857142857
135,01-12-18,Newcastle,West Ham,0,3,A,11,14,16,22,0.8571428571428571,0.8571428571428571,51853,W,W,W,D,L,L,D,W,D,L,14.0,WWWDL,LDWDL,10,5,0,0,0,0,0,0,0,0,-0.35714285714285715,-0.5714285714285714,0.0,0.35714285714285715
136,01-12-18,Southampton,Man United,2,2,D,10,20,24,21,0.5714285714285714,1.5,30187,L,D,L,D,D,D,L,W,W,D,14.0,LDLDD,DLWWD,3,8,0,0,0,0,0,0,0,0,-1.0,-0.07142857142857142,-0.9285714285714286,-0.35714285714285715
137,02-12-18,Arsenal,Tottenham,4,2,H,28,23,16,11,1.9285714285714286,2.142857142857143,59973,W,D,D,D,W,W,W,W,L,W,14.0,WDDDW,WWWLW,9,12,0,0,0,0,0,0,0,0,0.8571428571428571,0.8571428571428571,-0.21428571428571427,-0.21428571428571427
138,02-12-18,Chelsea,Fulham,2,0,H,28,14,11,33,2.0,0.5714285714285714,40551,L,D,W,W,D,W,L,L,L,L,14.0,LDWWD,WLLLL,8,3,0,0,0,0,0,0,1,0,1.2142857142857142,-1.3571428571428572,1.4285714285714286,0.35714285714285715
139,02-12-18,Liverpool,Everton,1,0,H,26,20,5,15,2.357142857142857,1.5714285714285714,51756,W,W,D,W,W,W,D,W,L,W,14.0,WWDWW,WDWLW,13,10,0,0,0,0,0,0,0,0,1.5,0.35714285714285715,0.7857142857142857,0.21428571428571427
140,04-12-18,Bournemouth,Huddersfield,2,1,H,23,9,21,24,1.3333333333333333,0.6666666666666666,9980,L,L,L,L,W,L,W,D,W,L,15.0,LLLLW,LWDWL,3,7,0,0,0,0,0,0,0,0,0.13333333333333333,-1.0,0.6666666666666666,-0.26666666666666666
141,04-12-18,Brighton,Crystal Palace,3,1,H,16,10,20,17,1.2,0.8,29663,W,D,L,L,W,W,D,L,L,D,15.0,WDLLW,WDLLD,7,5,0,0,0,0,0,0,0,0,-0.26666666666666666,-0.4666666666666667,0.4,0.13333333333333333
142,04-12-18,Watford,Man City,1,2,A,17,43,19,6,1.3333333333333333,2.533333333333333,20389,L,L,D,L,W,W,W,W,W,W,15.0,LLDLW,WWWWW,4,15,0,0,0,0,1,1,0,0,-0.13333333333333333,2.466666666666667,-1.2,-0.7333333333333333
143,04-12-18,West Ham,Cardiff,3,1,H,17,13,22,27,1.0,0.7333333333333333,56811,W,L,D,W,D,W,L,W,L,L,15.0,WLDWD,WLWLL,8,6,0,0,0,0,0,0,0,0,-0.3333333333333333,-0.9333333333333333,0.26666666666666666,0.13333333333333333
144,05-12-18,Burnley,Liverpool,1,3,A,13,27,29,5,0.6,2.4,21741,L,L,D,L,L,W,W,W,D,W,15.0,LLDLL,WWWDW,1,13,0,0,0,0,0,0,0,0,-1.0666666666666667,1.4666666666666666,-1.8,-0.8
145,05-12-18,Everton,Newcastle,1,1,D,20,11,16,19,1.4666666666666666,0.8,39350,L,W,D,W,L,L,W,W,W,D,15.0,LWDWL,LWWWD,7,10,0,0,0,0,0,0,0,0,0.26666666666666666,-0.5333333333333333,0.6666666666666666,-0.2
146,05-12-18,Fulham,Leicester,1,1,D,14,20,35,17,0.5333333333333333,1.4,22881,L,W,L,L,L,W,D,D,W,D,15.0,LWLLL,WDDWD,3,9,0,0,1,0,0,0,0,0,-1.4,0.2,-0.8666666666666667,-0.4
147,05-12-18,Man United,Arsenal,2,2,D,22,32,23,18,1.4666666666666666,2.0,74507,D,D,L,W,W,W,W,D,D,D,15.0,DDLWW,WWDDD,8,9,0,0,0,0,0,0,0,0,-0.06666666666666667,0.9333333333333333,-0.5333333333333333,-0.06666666666666667
148,05-12-18,Tottenham,Southampton,3,1,H,25,12,15,26,2.0,0.6,33012,L,W,W,W,L,D,L,D,L,D,15.0,LWWWL,DLDLD,9,3,0,0,0,0,0,0,0,0,0.6666666666666666,-0.9333333333333333,1.4,0.4
149,05-12-18,Wolves,Chelsea,2,1,H,13,30,17,11,1.0666666666666667,2.066666666666667,31300,L,L,D,L,L,W,L,D,W,W,15.0,LLDLL,WLDWW,1,10,0,0,0,0,0,0,0,0,-0.26666666666666666,1.2666666666666666,-1.0,-0.6
150,08-12-18,Arsenal,Huddersfield,1,0,H,34,10,20,26,1.9375,0.625,59893,D,W,W,D,D,L,L,W,D,W,16.0,DWWDD,LLWDW,9,7,0,0,0,0,0,0,0,0,0.875,-1.0,1.3125,0.125
151,08-12-18,Bournemouth,Liverpool,0,4,A,25,30,22,6,1.4375,2.4375,10752,W,L,L,L,L,W,W,W,W,D,16.0,WLLLL,WWWWD,3,13,0,0,1,0,0,0,0,0,0.1875,1.5,-1.0,-0.625
152,08-12-18,Burnley,Brighton,1,0,H,14,19,32,21,0.5625,1.3125,18497,L,L,L,D,L,W,W,D,L,L,16.0,LLLDL,WWDLL,1,7,0,0,0,0,0,0,0,0,-1.125,-0.125,-0.75,-0.375
153,08-12-18,Cardiff,Southampton,1,0,H,14,13,30,29,0.6875,0.5625,30067,L,W,L,W,L,L,D,L,D,L,16.0,LWLWL,LDLDL,6,2,0,0,0,0,0,0,0,0,-1.0,-1.0,0.125,0.25
154,08-12-18,Chelsea,Man City,2,0,H,31,45,13,7,1.9375,2.5625,40571,L,W,L,D,W,W,W,W,W,W,16.0,LWLDW,WWWWW,7,15,0,0,0,0,1,1,0,0,1.125,2.375,-0.625,-0.5
155,08-12-18,Leicester,Tottenham,0,2,A,21,28,18,16,1.375,2.0625,31957,D,W,D,D,W,W,L,W,W,W,16.0,DWDDW,WLWWW,9,12,0,0,0,0,1,0,0,0,0.1875,0.75,-0.6875,-0.1875
156,08-12-18,Man United,Fulham,4,1,H,24,15,25,36,1.4375,0.5625,74523,D,D,D,L,W,D,L,W,L,L,16.0,DDDLW,DLWLL,6,4,0,0,0,0,0,0,0,0,-0.0625,-1.3125,0.875,0.125
157,08-12-18,West Ham,Crystal Palace,3,2,H,20,11,23,20,1.125,0.75,56995,W,W,L,D,W,L,W,D,L,L,16.0,WWLDW,LWDLL,10,4,0,0,0,0,0,0,0,0,-0.1875,-0.5625,0.375,0.375
158,09-12-18,Newcastle,Wolves,1,2,A,12,15,20,18,0.8125,1.1875,50223,D,L,W,W,W,W,L,L,D,L,16.0,DLWWW,WLLDL,10,4,1,0,0,0,0,0,0,0,-0.5,-0.1875,-0.375,0.375
159,10-12-18,Everton,Watford,2,2,D,21,18,17,21,1.4375,1.25,38400,D,L,W,D,W,L,L,L,D,L,16.0,DLWDW,LLLDL,8,1,0,0,0,0,0,0,0,0,0.25,-0.1875,0.1875,0.4375
160,15-12-18,Crystal Palace,Leicester,1,0,H,13,21,23,20,0.7058823529411765,1.2941176470588236,24738,L,L,W,D,L,L,D,W,D,D,17.0,LLWDL,LDWDD,4,6,0,0,0,0,0,0,0,0,-0.5882352941176471,0.058823529411764705,-0.5882352941176471,-0.11764705882352941
161,15-12-18,Fulham,West Ham,0,2,A,16,23,40,25,0.5294117647058824,1.2352941176470589,24081,L,D,L,W,L,W,W,W,L,D,17.0,LDLWL,WWWLD,4,10,0,0,0,0,0,0,0,0,-1.411764705882353,-0.11764705882352941,-0.7058823529411765,-0.35294117647058826
162,15-12-18,Huddersfield,Newcastle,0,1,A,10,13,27,22,0.5882352941176471,0.7647058823529411,24036,L,L,L,W,D,L,D,L,W,W,17.0,LLLWD,LDLWW,4,7,0,0,0,0,0,0,0,0,-1.0,-0.5294117647058824,-0.17647058823529413,-0.17647058823529413
163,15-12-18,Man City,Everton,3,1,H,45,23,9,19,2.411764705882353,1.411764705882353,54173,L,W,W,W,W,D,D,L,W,D,17.0,LWWWW,DDLWD,12,6,1,0,0,0,0,0,0,0,2.1176470588235294,0.23529411764705882,1.0,0.35294117647058826
164,15-12-18,Tottenham,Burnley,1,0,H,30,15,16,32,2.1176470588235294,0.7058823529411765,41465,W,W,L,W,W,W,L,L,L,D,17.0,WWLWW,WLLLD,12,4,0,0,0,0,0,0,0,0,0.8235294117647058,-1.0,1.411764705882353,0.47058823529411764
165,15-12-18,Watford,Cardiff,3,2,H,20,15,23,30,1.2352941176470589,0.8235294117647058,20032,D,L,L,L,D,W,L,W,L,W,17.0,DLLLD,WLWLW,2,9,0,0,0,0,0,0,0,0,-0.17647058823529413,-0.8823529411764706,0.4117647058823529,-0.4117647058823529
166,15-12-18,Wolves,Bournemouth,2,0,H,17,25,19,26,1.2941176470588236,1.3529411764705883,30997,W,W,L,L,D,L,W,L,L,L,17.0,WWLLD,LWLLL,7,3,0,0,0,0,0,0,1,0,-0.11764705882352941,-0.058823529411764705,-0.058823529411764705,0.23529411764705882
167,16-12-18,Brighton,Chelsea,1,2,A,19,33,22,13,1.2352941176470589,2.0,30645,L,W,W,D,L,W,L,W,L,D,17.0,LWWDL,WLWLD,7,7,0,0,0,0,0,0,0,0,-0.17647058823529413,1.1764705882352942,-0.7647058823529411,0.0
168,16-12-18,Liverpool,Man United,3,1,H,34,28,6,26,2.4705882352941178,1.5294117647058822,52908,W,W,W,W,W,W,D,D,D,L,17.0,WWWWW,WDDDL,15,6,1,1,0,0,0,0,0,0,1.6470588235294117,0.11764705882352941,0.9411764705882353,0.5294117647058824
169,16-12-18,Southampton,Arsenal,3,2,H,13,35,30,20,0.5294117647058824,2.0,29497,L,L,D,L,D,W,D,W,W,D,17.0,LLDLD,WDWWD,2,11,0,0,0,0,0,0,0,0,-1.0,0.8823529411764706,-1.4705882352941178,-0.5294117647058824
170,21-12-18,Wolves,Liverpool,0,2,A,19,37,19,7,1.3888888888888888,2.5,31358,W,W,W,L,L,W,W,W,W,W,18.0,WWWLL,WWWWW,9,15,0,0,0,0,1,1,0,0,0.0,1.6666666666666667,-1.1111111111111112,-0.3333333333333333
171,22-12-18,Arsenal,Burnley,3,1,H,37,15,23,33,1.8888888888888888,0.6666666666666666,59493,L,W,D,W,W,L,W,L,L,L,18.0,LWDWW,LWLLL,10,3,0,0,0,0,0,0,1,0,0.7777777777777778,-1.0,1.2222222222222223,0.3888888888888889
172,22-12-18,Bournemouth,Brighton,2,0,H,25,20,28,24,1.2777777777777777,1.1666666666666667,10491,L,L,W,L,L,L,L,W,W,D,18.0,LLWLL,LLWWD,3,7,0,0,0,0,0,0,0,0,-0.16666666666666666,-0.2222222222222222,0.1111111111111111,-0.2222222222222222
173,22-12-18,Cardiff,Man United,1,5,A,17,29,33,29,0.7777777777777778,1.4444444444444444,33028,L,W,L,W,L,L,W,D,D,D,18.0,LWLWL,LWDDD,6,6,0,0,0,0,0,0,0,0,-0.8888888888888888,0.0,-0.6666666666666666,0.0
174,22-12-18,Chelsea,Leicester,0,1,A,35,21,14,21,2.0555555555555554,1.2222222222222223,40558,W,W,L,W,L,L,L,D,W,D,18.0,WWLWL,LLDWD,9,5,0,0,0,0,0,0,0,0,1.1666666666666667,0.0,0.8333333333333334,0.2222222222222222
175,22-12-18,Huddersfield,Southampton,1,3,A,10,16,28,32,0.5555555555555556,0.6666666666666666,22384,L,L,L,L,W,W,L,L,D,L,18.0,LLLLW,WLLDL,3,4,0,0,0,0,0,0,0,0,-1.0,-0.8888888888888888,-0.1111111111111111,-0.05555555555555555
176,22-12-18,Man City,Crystal Palace,2,3,A,48,14,10,23,2.4444444444444446,0.8333333333333334,54340,W,L,W,W,W,W,L,L,W,D,18.0,WLWWW,WLLWD,12,7,1,0,0,0,0,0,0,0,2.111111111111111,-0.5,1.6111111111111112,0.2777777777777778
177,22-12-18,Newcastle,Fulham,0,0,D,14,16,22,42,0.8888888888888888,0.5,51237,W,L,D,L,W,L,L,D,L,W,18.0,WLDLW,LLDLW,7,4,0,0,0,0,0,0,0,0,-0.4444444444444444,-1.4444444444444444,0.3888888888888889,0.16666666666666666
178,22-12-18,West Ham,Watford,0,2,A,25,23,25,25,1.3333333333333333,1.3333333333333333,56833,W,W,W,W,L,W,D,L,L,L,18.0,WWWWL,WDLLL,12,4,0,0,0,0,0,0,1,0,0.0,-0.1111111111111111,0.0,0.4444444444444444
179,23-12-18,Everton,Tottenham,2,6,A,24,31,22,16,1.3333333333333333,2.1666666666666665,39319,L,D,D,L,W,W,W,W,L,W,18.0,LDDLW,WWWLW,5,12,0,0,0,0,0,0,0,0,0.1111111111111111,0.8333333333333334,-0.8333333333333334,-0.3888888888888889
180,26-12-18,Brighton,Arsenal,1,1,D,20,40,26,24,1.105263157894737,1.9473684210526316,30608,L,L,L,W,W,W,L,W,D,W,19.0,LLLWW,WLWDW,6,10,0,0,0,0,0,0,0,0,-0.3157894736842105,0.8421052631578947,-0.8421052631578947,-0.21052631578947367
181,26-12-18,Burnley,Everton,1,5,A,16,26,36,28,0.631578947368421,1.263157894736842,21484,L,L,W,L,L,L,L,D,D,L,19.0,LLWLL,LLDDL,3,2,0,0,0,0,0,0,0,0,-1.0526315789473684,-0.10526315789473684,-0.631578947368421,0.05263157894736842
182,26-12-18,Crystal Palace,Cardiff,0,0,D,17,18,25,38,0.9473684210526315,0.7368421052631579,25206,W,W,L,L,W,L,L,W,L,W,19.0,WWLLW,LLWLW,9,6,0,0,0,0,0,0,0,0,-0.42105263157894735,-1.0526315789473684,0.21052631578947367,0.15789473684210525
183,26-12-18,Fulham,Wolves,1,1,D,16,19,42,21,0.5263157894736842,1.3157894736842106,24382,D,L,L,D,L,L,W,W,W,L,19.0,DLLDL,LWWWL,2,9,0,0,0,0,0,0,0,0,-1.368421052631579,-0.10526315789473684,-0.7894736842105263,-0.3684210526315789
184,26-12-18,Leicester,Man City,2,1,H,22,50,21,13,1.3157894736842106,2.3157894736842106,32090,W,L,L,D,W,L,W,L,W,W,19.0,WLLDW,LWLWW,7,9,0,0,0,0,0,0,0,0,0.05263157894736842,1.9473684210526316,-1.0,-0.10526315789473684
185,26-12-18,Liverpool,Newcastle,4,0,H,39,14,7,22,2.526315789473684,0.8947368421052632,53318,W,W,W,W,W,D,W,L,D,L,19.0,WWWWW,DWLDL,15,5,1,1,0,0,0,0,0,0,1.6842105263157894,-0.42105263157894735,1.631578947368421,0.5263157894736842
186,26-12-18,Man United,Huddersfield,3,1,H,34,11,30,31,1.5263157894736843,0.5263157894736842,74523,W,L,W,D,D,L,L,L,L,L,19.0,WLWDD,LLLLL,8,0,0,0,0,0,0,0,1,1,0.21052631578947367,-1.0526315789473684,1.0,0.42105263157894735
187,26-12-18,Tottenham,Bournemouth,5,0,H,37,27,18,28,2.210526315789474,1.368421052631579,45154,W,W,W,W,L,W,L,L,W,L,19.0,WWWWL,WLLWL,12,6,0,0,0,0,0,0,0,0,1.0,-0.05263157894736842,0.8421052631578947,0.3157894736842105
188,26-12-18,Watford,Chelsea,1,2,A,25,35,25,15,1.4210526315789473,1.9473684210526316,20415,W,W,D,L,L,L,W,W,L,W,19.0,WWDLL,LWWLW,7,9,0,0,0,0,0,0,0,0,0.0,1.0526315789473684,-0.5263157894736842,-0.10526315789473684
189,27-12-18,Southampton,West Ham,1,2,A,19,25,33,27,0.7894736842105263,1.263157894736842,31654,W,W,L,L,D,L,W,W,W,W,19.0,WWLLD,LWWWW,7,12,0,0,0,0,1,0,0,0,-0.7368421052631579,-0.10526315789473684,-0.47368421052631576,-0.2631578947368421
190,29-12-18,Brighton,Everton,1,0,H,21,31,27,29,1.1,1.35,30597,D,L,L,L,W,W,L,L,D,D,20.0,DLLLW,WLLDD,4,5,0,0,0,0,0,0,0,0,-0.3,0.1,-0.25,-0.05
191,29-12-18,Fulham,Huddersfield,1,0,H,17,12,43,34,0.55,0.5,24423,D,D,L,L,D,L,L,L,L,L,20.0,DDLLD,LLLLL,3,0,0,0,0,0,0,0,1,1,-1.3,-1.1,0.05,0.15
192,29-12-18,Leicester,Cardiff,0,1,A,24,18,22,38,1.4,0.75,32047,W,W,L,L,D,D,L,L,W,L,20.0,WWLLD,DLLWL,7,4,0,0,0,0,0,0,0,0,0.1,-1.0,0.65,0.15
193,29-12-18,Liverpool,Arsenal,5,1,H,43,41,7,25,2.55,1.9,53326,W,W,W,W,W,D,W,L,W,D,20.0,WWWWW,DWLWD,15,8,1,1,0,0,0,0,0,0,1.8,0.8,0.65,0.35
194,29-12-18,Tottenham,Wolves,1,3,A,42,20,18,22,2.25,1.3,46356,W,W,W,W,W,D,L,W,W,W,20.0,WWWWW,DLWWW,15,10,1,1,0,0,1,0,0,0,1.2,-0.1,0.95,0.25
195,29-12-18,Watford,Newcastle,1,1,D,26,14,27,26,1.35,0.85,20336,L,W,W,D,L,L,D,W,L,D,20.0,LWWDL,LDWLD,7,5,0,0,0,0,0,0,0,0,-0.05,-0.6,0.5,0.1
196,30-12-18,Burnley,West Ham,2,0,H,17,27,41,28,0.6,1.35,20933,L,L,L,W,L,W,L,W,W,W,20.0,LLLWL,WLWWW,3,12,0,0,0,0,1,0,0,0,-1.2,-0.05,-0.75,-0.45
197,30-12-18,Crystal Palace,Chelsea,0,1,A,17,37,25,16,0.95,2.0,25781,D,W,W,L,L,W,L,W,W,L,20.0,DWWLL,WLWWL,7,9,0,0,0,0,0,0,0,0,-0.4,1.05,-1.05,-0.1
198,30-12-18,Man United,Bournemouth,4,1,H,37,27,31,33,1.6,1.3,74556,W,W,L,W,D,L,W,L,L,W,20.0,WWLWD,LWLLW,10,6,0,0,0,0,0,0,0,0,0.3,-0.3,0.3,0.2
199,30-12-18,Southampton,Man City,1,3,A,20,51,35,15,0.75,2.2,31381,L,W,W,L,L,L,L,W,L,W,20.0,LWWLL,LLWLW,6,6,0,0,0,0,0,0,0,0,-0.75,1.8,-1.45,0.0
200,01-01-19,Arsenal,Fulham,4,1,H,42,18,30,43,1.8095238095238095,0.6666666666666666,59887,L,D,W,L,W,W,D,D,L,L,21.0,LDWLW,WDDLL,7,5,0,0,0,0,0,0,0,0,0.5714285714285714,-1.1904761904761905,1.1428571428571428,0.09523809523809523
201,01-01-19,Cardiff,Tottenham,0,3,A,19,43,38,21,0.8571428571428571,2.142857142857143,32485,W,D,L,L,W,L,W,W,W,W,21.0,WDLLW,LWWWW,7,12,0,0,0,0,1,0,0,0,-0.9047619047619048,1.0476190476190477,-1.2857142857142858,-0.23809523809523808
202,01-01-19,Everton,Leicester,0,1,A,31,24,30,23,1.2857142857142858,1.3333333333333333,39052,L,W,L,L,D,L,W,W,L,L,21.0,LWLLD,LWWLL,4,6,0,0,0,0,0,0,0,0,0.047619047619047616,0.047619047619047616,-0.047619047619047616,-0.09523809523809523
203,02-01-19,Bournemouth,Watford,3,3,D,28,27,37,28,1.2380952380952381,1.3333333333333333,10261,L,L,W,L,L,D,L,W,W,D,21.0,LLWLL,DLWWD,3,8,0,0,0,0,0,0,0,0,-0.42857142857142855,-0.047619047619047616,-0.09523809523809523,-0.23809523809523808
204,02-01-19,Chelsea,Southampton,0,0,D,38,21,16,38,2.0476190476190474,0.7142857142857143,40668,W,W,L,W,W,L,L,W,W,L,21.0,WWLWW,LLWWL,12,6,0,0,0,0,0,0,0,0,1.0476190476190477,-0.8095238095238095,1.3333333333333333,0.2857142857142857
205,02-01-19,Huddersfield,Burnley,1,2,A,12,19,35,41,0.47619047619047616,0.7142857142857143,23715,L,L,L,L,L,W,L,L,L,W,21.0,LLLLL,WLLLW,0,6,0,0,1,1,0,0,0,0,-1.0952380952380953,-1.0476190476190477,-0.23809523809523808,-0.2857142857142857
206,02-01-19,Newcastle,Man United,0,2,A,15,41,27,32,0.8571428571428571,1.6666666666666667,52217,D,L,D,W,L,W,W,W,L,W,21.0,DLDWL,WWWLW,5,12,0,0,0,0,0,0,0,0,-0.5714285714285714,0.42857142857142855,-0.8095238095238095,-0.3333333333333333
207,02-01-19,West Ham,Brighton,2,2,D,27,22,30,27,1.2857142857142858,1.1904761904761905,59870,L,W,L,W,W,W,D,L,L,L,21.0,LWLWW,WDLLL,9,4,0,0,0,0,0,0,1,0,-0.14285714285714285,-0.23809523809523808,0.09523809523809523,0.23809523809523808
208,02-01-19,Wolves,Crystal Palace,0,2,A,23,17,23,26,1.380952380952381,0.9047619047619048,30666,W,D,L,W,W,L,D,W,W,L,21.0,WDLWW,LDWWL,10,7,0,0,0,0,0,0,0,0,0.0,-0.42857142857142855,0.47619047619047616,0.14285714285714285
209,03-01-19,Man City,Liverpool,2,1,H,54,48,16,8,2.238095238095238,2.5714285714285716,54511,W,L,L,W,L,W,W,W,W,W,21.0,WLLWL,WWWWW,6,15,0,0,0,0,1,1,0,0,1.8095238095238095,1.9047619047619047,-0.3333333333333333,-0.42857142857142855
210,12-01-19,Brighton,Liverpool,0,1,A,24,49,29,10,1.1818181818181819,2.4545454545454546,30682,D,W,D,L,L,L,W,W,W,W,22.0,DWDLL,LWWWW,5,12,0,0,0,0,1,0,0,0,-0.22727272727272727,1.7727272727272727,-1.2727272727272727,-0.3181818181818182
211,12-01-19,Burnley,Fulham,2,1,H,21,19,42,47,0.8181818181818182,0.6363636363636364,19316,W,W,L,L,L,L,W,D,D,L,22.0,WWLLL,LWDDL,6,5,0,0,1,0,0,0,0,0,-0.9545454545454546,-1.2727272727272727,0.18181818181818182,0.045454545454545456
212,12-01-19,Cardiff,Huddersfield,0,0,D,19,13,41,37,0.8181818181818182,0.45454545454545453,30725,L,W,D,L,L,L,L,L,L,L,22.0,LWDLL,LLLLL,4,0,0,0,0,0,0,0,1,1,-1.0,-1.0909090909090908,0.36363636363636365,0.18181818181818182
213,12-01-19,Chelsea,Newcastle,2,1,H,38,15,16,29,2.0,0.8181818181818182,40491,D,W,W,L,W,L,D,L,D,W,22.0,DWWLW,LDLDW,10,5,0,0,0,0,0,0,0,0,1.0,-0.6363636363636364,1.1818181818181819,0.22727272727272727
214,12-01-19,Crystal Palace,Watford,1,2,A,19,30,26,31,1.0,1.3181818181818181,25010,W,L,D,W,W,D,D,L,W,W,22.0,WLDWW,DDLWW,10,8,0,0,0,0,0,0,0,0,-0.3181818181818182,-0.045454545454545456,-0.3181818181818182,0.09090909090909091
215,12-01-19,Leicester,Southampton,1,2,A,25,21,23,38,1.4090909090909092,0.7272727272727273,31491,W,L,W,W,L,D,L,L,W,W,22.0,WLWWL,DLLWW,9,7,0,0,0,0,0,0,0,0,0.09090909090909091,-0.7727272727272727,0.6818181818181818,0.09090909090909091
216,12-01-19,West Ham,Arsenal,1,0,H,29,46,32,31,1.2727272727272727,1.8636363636363635,59946,D,L,W,L,W,W,L,D,W,L,22.0,DLWLW,WLDWL,7,7,0,0,0,0,0,0,0,0,-0.13636363636363635,0.6818181818181818,-0.5909090909090909,0.0
217,13-01-19,Everton,Bournemouth,2,0,H,31,31,31,40,1.2272727272727273,1.2272727272727273,38113,L,L,W,L,L,D,L,L,W,L,22.0,LLWLL,DLLWL,3,4,0,0,0,0,0,0,0,0,0.0,-0.4090909090909091,0.0,-0.045454545454545456
218,13-01-19,Tottenham,Man United,0,1,A,46,43,21,32,2.1818181818181817,1.7272727272727273,80062,W,L,W,W,W,W,W,W,W,L,22.0,WLWWW,WWWWL,12,12,1,0,0,0,0,0,0,0,1.1363636363636365,0.5,0.45454545454545453,0.0
219,14-01-19,Man City,Wolves,3,0,H,56,23,17,25,2.272727272727273,1.3181818181818181,54171,W,W,L,L,W,L,W,D,L,W,22.0,WWLLW,LWDLW,9,7,0,0,0,0,0,0,0,0,1.7727272727272727,-0.09090909090909091,0.9545454545454546,0.09090909090909091
220,19-01-19,Arsenal,Chelsea,2,0,H,46,40,32,17,1.7826086956521738,2.0434782608695654,59979,L,W,L,D,W,W,D,W,W,L,23.0,LWLDW,WDWWL,7,10,0,0,0,0,0,0,0,0,0.6086956521739131,1.0,-0.2608695652173913,-0.13043478260869565
221,19-01-19,Bournemouth,West Ham,2,0,H,31,30,42,32,1.173913043478261,1.3478260869565217,10495,L,D,L,L,W,W,D,L,W,L,23.0,LDLLW,WDLWL,4,7,0,0,0,0,0,0,0,0,-0.4782608695652174,-0.08695652173913043,-0.17391304347826086,-0.13043478260869565
222,19-01-19,Liverpool,Crystal Palace,4,3,H,50,20,10,28,2.4782608695652173,0.9565217391304348,53171,W,L,W,W,W,L,W,L,D,W,23.0,WLWWW,LWLDW,12,7,1,0,0,0,0,0,0,0,1.7391304347826086,-0.34782608695652173,1.5217391304347827,0.21739130434782608
223,19-01-19,Man United,Brighton,2,1,H,44,24,32,30,1.7826086956521738,1.1304347826086956,74532,W,W,W,W,W,L,D,W,D,L,23.0,WWWWW,LDWDL,15,5,1,1,0,0,0,0,0,0,0.5217391304347826,-0.2608695652173913,0.6521739130434783,0.43478260869565216
224,19-01-19,Newcastle,Cardiff,3,0,H,16,19,31,41,0.782608695652174,0.8260869565217391,49864,L,L,D,L,D,D,L,W,D,L,23.0,LLDLD,DLWDL,2,5,0,0,0,0,0,0,0,0,-0.6521739130434783,-0.9565217391304348,-0.043478260869565216,-0.13043478260869565
225,19-01-19,Southampton,Everton,2,1,H,23,33,39,31,0.8260869565217391,1.3043478260869565,29989,W,D,L,L,W,W,L,L,W,L,23.0,WDLLW,WLLWL,7,6,0,0,0,0,0,0,0,0,-0.6956521739130435,0.08695652173913043,-0.4782608695652174,0.043478260869565216
226,19-01-19,Watford,Burnley,0,0,D,32,23,32,43,1.391304347826087,0.9130434782608695,19510,W,D,D,L,W,W,W,W,L,L,23.0,WDDLW,WWWLL,8,9,0,0,0,0,0,0,0,0,0.0,-0.8695652173913043,0.4782608695652174,-0.043478260869565216
227,19-01-19,Wolves,Leicester,4,3,H,23,26,28,25,1.2608695652173914,1.3478260869565217,31278,L,L,W,D,L,L,W,L,W,W,23.0,LLWDL,LWLWW,4,9,0,0,0,0,0,0,0,0,-0.21739130434782608,0.043478260869565216,-0.08695652173913043,-0.21739130434782608
228,20-01-19,Fulham,Tottenham,1,2,A,20,46,49,22,0.6086956521739131,2.0869565217391304,24807,L,L,W,D,D,L,W,L,W,W,23.0,LLWDD,LWLWW,5,9,0,0,0,0,0,0,0,0,-1.2608695652173914,1.0434782608695652,-1.4782608695652173,-0.17391304347826086
229,20-01-19,Huddersfield,Man City,0,3,A,13,59,37,17,0.4782608695652174,2.3043478260869565,24190,D,L,L,L,L,W,W,W,L,L,23.0,DLLLL,WWWLL,1,9,0,0,1,0,0,0,0,0,-1.0434782608695652,1.826086956521739,-1.826086956521739,-0.34782608695652173
230,29-01-19,Arsenal,Cardiff,2,1,H,48,19,32,44,1.8333333333333333,0.7916666666666666,59933,W,L,W,L,D,L,D,L,W,D,24.0,WLWLD,LDLWD,7,5,0,0,0,0,0,0,0,0,0.6666666666666666,-1.0416666666666667,1.0416666666666667,0.08333333333333333
231,29-01-19,Fulham,Brighton,4,2,H,21,25,51,32,0.5833333333333334,1.0833333333333333,22008,L,L,L,W,D,L,L,D,W,D,24.0,LLLWD,LLDWD,4,5,0,0,0,0,0,0,0,0,-1.25,-0.2916666666666667,-0.5,-0.041666666666666664
232,29-01-19,Huddersfield,Everton,0,1,A,13,34,40,33,0.4583333333333333,1.25,23699,L,D,L,L,L,L,W,L,L,W,24.0,LDLLL,LWLLW,1,6,0,0,1,0,0,0,0,0,-1.125,0.041666666666666664,-0.7916666666666666,-0.20833333333333334
233,29-01-19,Man United,Burnley,2,2,D,46,23,33,43,1.8333333333333333,0.9166666666666666,74529,W,W,W,W,W,D,W,W,W,L,24.0,WWWWW,DWWWL,15,10,1,1,0,0,0,0,0,0,0.5416666666666666,-0.8333333333333334,0.9166666666666666,0.20833333333333334
234,29-01-19,Newcastle,Man City,2,1,H,19,62,31,17,0.875,2.3333333333333335,50861,W,L,L,D,L,W,W,W,W,L,24.0,WLLDL,WWWWL,4,12,0,0,0,0,0,0,0,0,-0.5,1.875,-1.4583333333333333,-0.3333333333333333
235,29-01-19,Wolves,West Ham,3,0,H,27,30,31,34,1.3333333333333333,1.2916666666666667,31122,W,L,L,W,D,L,W,D,L,W,24.0,WLLWD,LWDLW,7,7,0,0,0,0,0,0,0,0,-0.16666666666666666,-0.16666666666666666,0.041666666666666664,0.0
236,30-01-19,Bournemouth,Chelsea,4,0,H,33,40,42,19,1.25,1.9583333333333333,10227,W,L,D,L,L,L,W,D,W,W,24.0,WLDLL,LWDWW,4,10,0,0,0,0,0,0,0,0,-0.375,0.875,-0.7083333333333334,-0.25
237,30-01-19,Liverpool,Leicester,1,1,D,54,29,13,29,2.5,1.2916666666666667,53092,W,W,L,W,W,L,L,W,L,W,24.0,WWLWW,LLWLW,12,6,0,0,0,0,0,0,0,0,1.7083333333333333,0.0,1.2083333333333333,0.25
238,30-01-19,Southampton,Crystal Palace,1,1,D,25,23,40,32,0.9166666666666666,0.9166666666666666,28339,W,W,D,L,L,L,L,W,L,D,24.0,WWDLL,LLWLD,7,4,0,0,0,0,0,0,0,0,-0.625,-0.375,0.0,0.125
239,30-01-19,Tottenham,Watford,2,1,H,48,32,23,32,2.125,1.375,29164,W,L,W,L,W,D,W,D,D,L,24.0,WLWLW,DWDDL,9,6,0,0,0,0,0,0,0,0,1.0416666666666667,0.0,0.75,0.125
240,02-02-19,Brighton,Watford,0,0,D,27,33,36,34,1.04,1.32,30414,L,L,L,D,W,L,D,W,D,D,25.0,LLLDW,LDWDD,4,6,0,0,0,0,0,0,0,0,-0.36,-0.04,-0.28,-0.08
241,02-02-19,Burnley,Southampton,1,1,D,25,26,45,41,0.92,0.92,19787,D,D,W,W,W,D,W,W,D,L,25.0,DDWWW,DWWDL,11,8,1,0,0,0,0,0,0,0,-0.8,-0.6,0.0,0.12
242,02-02-19,Cardiff,Bournemouth,2,0,H,20,37,46,42,0.76,1.32,31939,L,L,D,L,W,W,W,L,D,L,25.0,LLDLW,WWLDL,4,7,0,0,0,0,0,0,0,0,-1.04,-0.2,-0.56,-0.12
243,02-02-19,Chelsea,Huddersfield,5,0,H,40,13,23,41,1.88,0.44,40626,L,L,W,D,W,L,L,D,L,L,25.0,LLWDW,LLDLL,7,1,0,0,0,0,0,0,0,0,0.68,-1.12,1.44,0.24
244,02-02-19,Crystal Palace,Fulham,2,0,H,24,25,33,53,0.92,0.68,25355,D,L,L,W,L,W,L,L,L,W,25.0,DLLWL,WLLLW,4,6,0,0,0,0,0,0,0,0,-0.36,-1.12,0.24,-0.08
245,02-02-19,Everton,Wolves,1,3,A,35,30,33,31,1.32,1.4,39380,W,L,W,L,L,W,W,L,L,W,25.0,WLWLL,WWLLW,6,9,0,0,0,0,0,0,0,0,0.08,-0.04,-0.08,-0.12
246,02-02-19,Tottenham,Newcastle,1,0,H,50,21,24,32,2.16,0.96,41219,W,W,L,W,L,W,W,L,L,D,25.0,WWLWL,WWLLD,9,7,0,0,0,0,0,0,0,0,1.04,-0.44,1.2,0.08
247,03-02-19,Leicester,Man United,0,1,A,30,48,30,35,1.28,1.8,32148,D,L,L,W,L,D,W,W,W,W,25.0,DLLWL,DWWWW,4,13,0,0,0,0,1,0,0,0,0.0,0.52,-0.52,-0.36
248,03-02-19,Man City,Arsenal,3,1,H,63,50,19,33,2.24,1.88,54483,L,W,W,W,W,W,W,L,W,L,25.0,LWWWW,WWLWL,12,9,1,0,0,0,0,0,0,0,1.76,0.68,0.36,0.12
249,04-02-19,West Ham,Liverpool,1,1,D,30,55,37,14,1.24,2.44,59903,L,L,W,D,L,D,W,W,L,W,25.0,LLWDL,DWWLW,4,10,0,0,0,0,0,0,0,0,-0.28,1.64,-1.2,-0.24
250,06-02-19,Everton,Man City,0,2,A,36,66,36,20,1.2692307692307692,2.269230769230769,39322,L,W,L,W,L,W,L,W,W,W,26.0,LWLWL,WLWWW,6,12,0,0,0,0,1,0,0,0,0.0,1.7692307692307692,-1.0,-0.23076923076923078
251,09-02-19,Brighton,Burnley,1,3,A,27,26,36,46,1.0384615384615385,0.9230769230769231,29323,D,L,L,L,D,D,D,D,W,W,26.0,DLLLD,DDDWW,2,9,0,0,0,0,0,0,0,0,-0.34615384615384615,-0.7692307692307693,0.11538461538461539,-0.2692307692307692
252,09-02-19,Crystal Palace,West Ham,1,1,D,26,31,33,38,1.0,1.2307692307692308,25552,W,D,L,L,W,D,L,L,W,D,26.0,WDLLW,DLLWD,7,5,0,0,0,0,0,0,0,0,-0.2692307692307692,-0.2692307692307692,-0.23076923076923078,0.07692307692307693
253,09-02-19,Fulham,Man United,0,3,A,25,49,55,35,0.6538461538461539,1.8461538461538463,25001,L,W,L,L,L,W,D,W,W,W,26.0,LWLLL,WDWWW,3,13,0,0,1,0,1,0,0,0,-1.1538461538461537,0.5384615384615384,-1.1923076923076923,-0.38461538461538464
254,09-02-19,Huddersfield,Arsenal,1,2,A,13,51,46,36,0.4230769230769231,1.8076923076923077,24182,L,L,L,D,L,L,W,W,L,W,26.0,LLLDL,LWWLW,1,9,0,0,0,0,0,0,0,0,-1.2692307692307692,0.5769230769230769,-1.3846153846153846,-0.3076923076923077
255,09-02-19,Liverpool,Bournemouth,3,0,H,56,37,15,44,2.3846153846153846,1.2692307692307692,53178,D,D,W,W,L,L,W,W,L,D,26.0,DDWWL,LWWLD,8,7,0,0,0,0,0,0,0,0,1.5769230769230769,-0.2692307692307692,1.1153846153846154,0.038461538461538464
256,09-02-19,Southampton,Cardiff,1,2,A,27,22,42,46,0.9230769230769231,0.8461538461538461,31348,D,D,W,W,D,W,L,L,D,L,26.0,DDWWD,WLLDL,9,4,0,0,0,0,0,0,0,0,-0.5769230769230769,-0.9230769230769231,0.07692307692307693,0.19230769230769232
257,09-02-19,Watford,Everton,1,0,H,33,36,34,36,1.3076923076923077,1.2692307692307692,20333,D,L,D,W,D,L,W,L,W,L,26.0,DLDWD,LWLWL,6,6,0,0,0,0,0,0,0,0,-0.038461538461538464,0.0,0.038461538461538464,0.0
258,10-02-19,Man City,Chelsea,6,0,H,66,45,20,23,2.269230769230769,1.9230769230769231,54452,W,L,W,W,W,W,L,L,W,D,26.0,WLWWW,WLLWD,12,7,1,0,0,0,0,0,0,0,1.7692307692307692,0.8461538461538461,0.34615384615384615,0.19230769230769232
259,10-02-19,Tottenham,Leicester,3,1,H,51,30,24,31,2.1923076923076925,1.2307692307692308,44154,W,W,W,L,W,L,D,L,L,W,26.0,WWWLW,LDLLW,12,4,0,0,0,0,0,0,0,0,1.0384615384615385,-0.038461538461538464,0.9615384615384616,0.3076923076923077
260,11-02-19,Wolves,Newcastle,1,1,D,34,22,33,34,1.4444444444444444,0.9259259259259259,30687,D,W,W,W,L,D,L,W,W,L,27.0,DWWWL,DLWWL,10,7,0,0,0,0,0,0,0,0,0.037037037037037035,-0.4444444444444444,0.5185185185185185,0.1111111111111111
261,22-02-19,Cardiff,Watford,1,5,A,24,34,47,34,0.9259259259259259,1.3703703703703705,30387,W,W,L,L,D,W,D,L,D,W,27.0,WWLLD,WDLDW,7,8,0,0,0,0,0,0,0,0,-0.8518518518518519,0.0,-0.4444444444444444,-0.037037037037037035
262,22-02-19,West Ham,Fulham,3,1,H,32,25,39,58,1.2222222222222223,0.6296296296296297,59950,D,D,L,L,W,L,L,W,L,L,27.0,DDLLW,LLWLL,5,3,0,0,0,0,0,0,0,0,-0.25925925925925924,-1.2222222222222223,0.5925925925925926,0.07407407407407407
263,23-02-19,Bournemouth,Wolves,1,1,D,37,34,47,33,1.2222222222222223,1.4444444444444444,10671,L,L,W,W,L,D,W,W,W,L,27.0,LLWWL,DWWWL,6,10,0,0,0,0,0,0,0,0,-0.37037037037037035,0.037037037037037035,-0.2222222222222222,-0.14814814814814814
264,23-02-19,Burnley,Tottenham,2,1,H,29,54,47,25,1.0,2.2222222222222223,21338,W,D,D,D,W,W,W,W,W,L,27.0,WDDDW,WWWWL,9,12,0,0,0,0,0,0,0,0,-0.6666666666666666,1.0740740740740742,-1.2222222222222223,-0.1111111111111111
265,23-02-19,Leicester,Crystal Palace,1,4,A,31,27,34,34,1.1851851851851851,1.0,31778,L,L,D,L,L,D,W,D,L,L,27.0,LLDLL,DWDLL,1,5,0,0,0,0,0,0,0,0,-0.1111111111111111,-0.25925925925925924,0.18518518518518517,-0.14814814814814814
266,23-02-19,Newcastle,Huddersfield,2,0,H,22,14,34,48,0.9259259259259259,0.4074074074074074,52174,D,L,W,W,L,L,L,L,L,D,27.0,DLWWL,LLLLD,7,1,0,0,0,0,0,0,0,0,-0.4444444444444444,-1.2592592592592593,0.5185185185185185,0.2222222222222222
267,24-02-19,Arsenal,Southampton,2,0,H,53,28,37,44,1.8518518518518519,0.8888888888888888,59877,W,L,W,W,L,L,D,D,W,W,27.0,WLWWL,LDDWW,9,8,0,0,0,0,0,0,0,0,0.5925925925925926,-0.5925925925925926,0.9629629629629629,0.037037037037037035
268,24-02-19,Man United,Liverpool,0,0,D,52,59,35,15,1.8888888888888888,2.4074074074074074,74519,W,W,D,W,W,W,D,D,W,W,27.0,WWDWW,WDDWW,13,11,0,0,0,0,0,0,0,0,0.6296296296296297,1.6296296296296295,-0.5185185185185185,0.07407407407407407
269,26-02-19,Cardiff,Everton,0,3,A,24,36,47,38,0.9259259259259259,1.2222222222222223,31849,W,W,L,L,D,L,L,W,L,W,27.0,WWLLD,LLWLW,7,6,0,0,0,0,0,0,0,0,-0.8518518518518519,-0.07407407407407407,-0.2962962962962963,0.037037037037037035
270,26-02-19,Huddersfield,Wolves,1,0,H,14,35,50,34,0.39285714285714285,1.4285714285714286,22714,L,L,L,L,L,D,D,W,W,W,28.0,LLLLL,DDWWW,0,11,0,0,1,1,1,0,0,0,-1.2857142857142858,0.03571428571428571,-1.0357142857142858,-0.39285714285714285
271,26-02-19,Leicester,Brighton,2,1,H,32,29,38,41,1.1428571428571428,0.9642857142857143,30558,L,L,L,D,L,L,L,D,L,L,28.0,LLLDL,LLDLL,1,1,0,0,0,0,0,0,0,0,-0.21428571428571427,-0.42857142857142855,0.17857142857142858,0.0
272,26-02-19,Newcastle,Burnley,2,0,H,24,31,34,48,1.0,1.0714285714285714,48323,W,D,L,W,W,W,W,D,D,D,28.0,WDLWW,WWDDD,10,9,0,0,0,0,0,0,0,0,-0.35714285714285715,-0.6071428571428571,-0.07142857142857142,0.03571428571428571
273,27-02-19,Arsenal,Bournemouth,5,1,H,55,38,37,48,1.8928571428571428,1.2142857142857142,59618,W,W,L,W,W,D,L,L,W,W,28.0,WWLWW,DLLWW,12,7,0,0,0,0,0,0,0,0,0.6428571428571429,-0.35714285714285715,0.6785714285714286,0.17857142857142858
274,27-02-19,Chelsea,Tottenham,2,0,H,47,55,29,27,1.8928571428571428,2.142857142857143,40542,W,L,W,L,L,L,W,W,W,W,28.0,WLWLL,LWWWW,6,12,0,0,0,0,1,0,0,0,0.6428571428571429,1.0,-0.25,-0.21428571428571427
275,27-02-19,Crystal Palace,Man United,1,3,A,31,52,35,35,1.0714285714285714,1.8571428571428572,25754,W,D,W,D,L,D,W,W,D,W,28.0,WDWDL,DWWDW,8,11,0,0,0,0,0,0,0,0,-0.14285714285714285,0.6071428571428571,-0.7857142857142857,-0.10714285714285714
276,27-02-19,Liverpool,Watford,5,0,H,59,39,15,35,2.357142857142857,1.4285714285714286,53316,D,W,D,D,W,W,W,D,L,D,28.0,DWDDW,WWDLD,9,8,0,0,0,0,0,0,0,0,1.5714285714285714,0.14285714285714285,0.9285714285714286,0.03571428571428571
277,27-02-19,Man City,West Ham,1,0,H,74,35,20,40,2.3214285714285716,1.2857142857142858,53528,W,W,W,L,W,W,D,D,L,L,28.0,WWWLW,WDDLL,12,5,0,0,0,0,0,0,0,0,1.9285714285714286,-0.17857142857142858,1.0357142857142858,0.25
278,27-02-19,Southampton,Fulham,2,0,H,28,26,46,61,0.8571428571428571,0.6071428571428571,27597,L,L,D,D,W,L,L,L,W,L,28.0,LLDDW,LLLWL,5,3,0,0,0,0,0,0,0,0,-0.6428571428571429,-1.25,0.25,0.07142857142857142
279,02-03-19,Bournemouth,Man City,0,1,A,38,74,48,20,1.2142857142857142,2.3214285714285716,81332,D,L,L,W,W,W,W,W,L,W,28.0,DLLWW,WWWLW,7,12,0,0,0,0,0,0,0,0,-0.35714285714285715,1.9285714285714286,-1.1071428571428572,-0.17857142857142858
280,02-03-19,Brighton,Huddersfield,1,0,H,30,15,41,50,1.0344827586206897,0.4827586206896552,30182,W,L,L,D,L,W,L,L,L,L,29.0,WLLDL,WLLLL,4,3,0,0,0,0,0,0,1,0,-0.3793103448275862,-1.206896551724138,0.5517241379310345,0.034482758620689655
281,02-03-19,Burnley,Crystal Palace,1,3,A,31,32,50,38,1.0344827586206897,1.0344827586206897,19223,L,W,W,D,D,L,W,D,W,D,29.0,LWWDD,LWDWD,8,8,0,0,0,0,0,0,0,0,-0.6551724137931034,-0.20689655172413793,0.0,0.0
282,02-03-19,Man United,Southampton,3,2,H,55,30,36,46,1.896551724137931,0.9310344827586207,74459,W,D,W,W,D,W,L,L,D,D,29.0,WDWWD,WLLDD,11,5,0,0,0,0,0,0,0,0,0.6551724137931034,-0.5517241379310345,0.9655172413793104,0.20689655172413793
283,02-03-19,Tottenham,Arsenal,1,1,D,55,60,29,38,2.0689655172413794,1.9310344827586208,81332,L,L,W,W,W,W,W,W,L,W,29.0,LLWWW,WWWLW,9,12,1,0,0,0,0,0,0,0,0.896551724137931,0.7586206896551724,0.13793103448275862,-0.10344827586206896
284,02-03-19,West Ham,Newcastle,2,0,H,35,26,41,34,1.2413793103448276,1.0689655172413792,59910,L,W,D,D,L,W,W,D,L,W,29.0,LWDDL,WWDLW,5,10,0,0,0,0,0,0,0,0,-0.20689655172413793,-0.27586206896551724,0.1724137931034483,-0.1724137931034483
285,02-03-19,Wolves,Cardiff,2,0,H,35,25,35,55,1.3793103448275863,0.8620689655172413,31309,L,D,D,W,W,L,L,W,W,L,29.0,LDDWW,LLWWL,8,6,0,0,0,0,0,0,0,0,0.0,-1.0344827586206897,0.5172413793103449,0.06896551724137931
286,03-03-19,Everton,Liverpool,0,0,D,39,64,39,15,1.2413793103448276,2.3793103448275863,39335,W,L,L,L,W,W,D,W,D,D,29.0,WLLLW,WDWDD,6,9,0,0,0,0,0,0,0,0,0.0,1.6896551724137931,-1.1379310344827587,-0.10344827586206896
287,03-03-19,Fulham,Chelsea,1,2,A,26,49,63,30,0.5862068965517241,1.9310344827586208,24900,L,L,L,L,W,W,W,L,W,L,29.0,LLLLW,WWLWL,3,9,0,0,0,0,0,0,0,0,-1.2758620689655173,0.6551724137931034,-1.3448275862068966,-0.20689655172413793
288,03-03-19,Watford,Leicester,2,1,H,39,34,40,39,1.3793103448275863,1.206896551724138,20062,L,W,W,D,L,W,L,L,L,D,29.0,LWWDL,WLLLD,7,4,0,0,0,0,0,0,0,0,-0.034482758620689655,-0.1724137931034483,0.1724137931034483,0.10344827586206896
289,09-03-19,Cardiff,West Ham,2,0,H,25,35,55,41,0.8620689655172413,1.2413793103448276,32458,L,L,W,W,L,L,W,D,D,L,29.0,LLWWL,LWDDL,6,5,0,0,0,0,0,0,0,0,-1.0344827586206897,-0.20689655172413793,-0.3793103448275862,0.034482758620689655
290,09-03-19,Crystal Palace,Brighton,1,2,A,35,32,39,42,1.1,1.1,24972,W,L,W,D,W,W,W,L,L,D,30.0,WLWDW,WWLLD,10,7,0,0,0,0,0,0,0,0,-0.13333333333333333,-0.3333333333333333,0.0,0.1
291,09-03-19,Huddersfield,Bournemouth,0,2,A,15,39,51,54,0.4666666666666667,1.1333333333333333,22304,L,W,L,L,L,L,L,D,L,L,30.0,LWLLL,LLDLL,3,1,0,0,1,0,0,0,0,0,-1.2,-0.5,-0.6666666666666666,0.06666666666666667
292,09-03-19,Leicester,Fulham,3,1,H,35,27,41,65,1.1666666666666667,0.5666666666666667,32017,L,W,L,L,L,L,L,L,L,L,30.0,LWLLL,LLLLL,3,0,0,0,1,0,0,0,1,1,-0.2,-1.2666666666666666,0.6,0.1
293,09-03-19,Man City,Watford,3,1,H,76,41,20,41,2.3666666666666667,1.4333333333333333,54104,W,W,W,W,W,W,L,W,W,D,30.0,WWWWW,WLWWD,15,10,1,1,0,0,0,0,0,0,1.8666666666666667,0.0,0.9333333333333333,0.16666666666666666
294,09-03-19,Newcastle,Everton,3,2,H,26,39,36,39,1.0333333333333334,1.2333333333333334,52242,L,W,W,D,L,D,W,L,L,L,30.0,LWWDL,DWLLL,7,4,0,0,0,0,0,0,1,0,-0.3333333333333333,0.0,-0.2,0.1
295,09-03-19,Southampton,Tottenham,2,1,H,32,56,49,30,0.9,2.033333333333333,31890,L,W,L,L,D,D,L,L,W,W,30.0,LWLLD,DLLWW,4,7,0,0,0,0,0,0,0,0,-0.5666666666666667,0.8666666666666667,-1.1333333333333333,-0.1
296,10-03-19,Arsenal,Man United,2,0,H,61,58,39,38,1.9,1.9333333333333333,60000,D,W,W,W,L,W,W,D,W,W,30.0,DWWWL,WWDWW,10,13,0,0,0,0,0,0,0,0,0.7333333333333333,0.6666666666666666,-0.03333333333333333,-0.1
297,10-03-19,Chelsea,Wolves,1,1,D,50,37,31,35,1.9,1.4333333333333333,40692,D,W,W,L,W,W,L,D,D,W,30.0,DWWLW,WLDDW,10,8,0,0,0,0,0,0,0,0,0.6333333333333333,0.06666666666666667,0.4666666666666667,0.06666666666666667
298,10-03-19,Liverpool,Burnley,4,2,H,64,32,15,53,2.3333333333333335,1.0,53310,D,W,D,W,D,L,L,W,W,D,30.0,DWDWD,LLWWD,9,7,0,0,0,0,0,0,0,0,1.6333333333333333,-0.7,1.3333333333333333,0.06666666666666667
299,16-03-19,Bournemouth,Newcastle,2,2,D,39,26,54,36,1.1333333333333333,1.0333333333333334,10625,L,L,D,L,L,L,W,W,D,L,30.0,LLDLL,LWWDL,1,7,0,0,0,0,0,0,0,0,-0.5,-0.3333333333333333,0.1,-0.2
300,16-03-19,Burnley,Leicester,1,2,A,34,38,57,42,0.967741935483871,1.2258064516129032,20719,L,L,L,W,W,W,L,W,L,L,31.0,LLLWW,WLWLL,6,6,0,0,0,0,0,0,0,0,-0.7419354838709677,-0.12903225806451613,-0.25806451612903225,0.0
301,16-03-19,West Ham,Huddersfield,4,3,H,37,15,43,53,1.2580645161290323,0.45161290322580644,59931,L,W,L,W,D,L,L,W,L,L,31.0,LWLWD,LLWLL,7,3,0,0,0,0,0,0,0,0,-0.1935483870967742,-1.2258064516129032,0.8064516129032258,0.12903225806451613
302,17-03-19,Everton,Chelsea,2,0,H,41,50,42,33,1.1935483870967742,1.8387096774193548,39356,L,D,W,L,L,L,D,W,W,L,31.0,LDWLL,LDWWL,4,7,0,0,0,0,0,0,0,0,-0.03225806451612903,0.5483870967741935,-0.6451612903225806,-0.0967741935483871
303,17-03-19,Fulham,Liverpool,1,2,A,28,68,68,17,0.5483870967741935,2.3548387096774195,25043,L,L,L,L,L,W,D,W,D,W,31.0,LLLLL,WDWDW,0,11,0,0,1,1,0,0,0,0,-1.2903225806451613,1.6451612903225807,-1.8064516129032258,-0.3548387096774194
304,30-03-19,Brighton,Southampton,0,1,A,32,34,43,50,1.064516129032258,0.967741935483871,30636,L,W,W,L,L,W,L,W,L,L,31.0,LWWLL,WLWLL,6,6,0,0,0,0,0,0,0,0,-0.3548387096774194,-0.5161290322580645,0.0967741935483871,0.0
305,30-03-19,Burnley,Wolves,2,0,H,34,38,57,36,0.967741935483871,1.4193548387096775,20990,L,L,L,W,W,D,W,L,D,D,31.0,LLLWW,DWLDD,6,6,0,0,0,0,0,0,0,0,-0.7419354838709677,0.06451612903225806,-0.45161290322580644,0.0
306,30-03-19,Crystal Palace,Huddersfield,2,0,H,36,15,41,53,1.064516129032258,0.45161290322580644,25193,L,W,L,W,D,L,L,W,L,L,31.0,LWLWD,LLWLL,7,3,0,0,0,0,0,0,0,0,-0.16129032258064516,-1.2258064516129032,0.6129032258064516,0.12903225806451613
307,30-03-19,Fulham,Man City,0,2,A,28,79,68,21,0.5483870967741935,2.3870967741935485,25001,L,L,L,L,L,W,W,W,W,W,31.0,LLLLL,WWWWW,0,15,0,0,1,1,1,1,0,0,-1.2903225806451613,1.8709677419354838,-1.8387096774193548,-0.4838709677419355
308,30-03-19,Leicester,Bournemouth,2,0,H,38,41,42,54,1.2258064516129032,1.1935483870967742,31530,W,L,W,L,L,W,L,L,D,L,31.0,WLWLL,WLLDL,6,4,0,0,0,0,0,0,0,0,-0.12903225806451613,-0.41935483870967744,0.03225806451612903,0.06451612903225806
309,30-03-19,Man United,Watford,2,1,H,58,42,40,44,1.8709677419354838,1.3870967741935485,74543,L,W,W,D,W,L,W,L,W,W,31.0,LWWDW,LWLWW,10,9,0,0,0,0,0,0,0,0,0.5806451612903226,-0.06451612903225806,0.4838709677419355,0.03225806451612903
310,30-03-19,West Ham,Everton,0,2,A,41,43,46,42,1.3125,1.25,59988,W,L,W,L,W,W,L,D,W,L,32.0,WLWLW,WLDWL,9,7,0,0,0,0,0,0,0,0,-0.15625,0.03125,0.0625,0.0625
311,31-03-19,Cardiff,Chelsea,1,2,A,28,52,59,34,0.875,1.875,32657,L,W,L,L,L,W,L,D,W,W,32.0,LWLLL,WLDWW,3,10,0,0,1,0,0,0,0,0,-0.96875,0.5625,-1.0,-0.21875
312,31-03-19,Liverpool,Tottenham,2,1,H,70,58,18,34,2.375,1.90625,53322,W,W,D,W,D,L,L,D,L,L,32.0,WWDWD,LLDLL,11,1,0,0,0,0,0,0,0,0,1.625,0.75,0.46875,0.3125
313,01-04-19,Arsenal,Newcastle,2,0,H,65,31,39,40,1.96875,1.09375,59869,W,W,D,W,W,D,W,L,W,W,32.0,WWDWW,DWLWW,13,10,0,0,0,0,0,0,0,0,0.8125,-0.28125,0.875,0.09375
314,02-04-19,Watford,Fulham,4,1,H,43,29,46,70,1.34375,0.53125,17301,L,L,W,L,W,L,L,L,L,L,32.0,LLWLW,LLLLL,6,0,0,0,0,0,0,0,1,1,-0.09375,-1.28125,0.8125,0.1875
315,02-04-19,Wolves,Man United,2,1,H,38,60,38,41,1.375,1.90625,53322,L,D,W,L,D,W,L,W,W,D,32.0,LDWLD,WLWWD,5,10,0,0,0,0,0,0,0,0,0.0,0.59375,-0.53125,-0.15625
316,03-04-19,Chelsea,Brighton,3,0,H,52,32,34,46,1.875,1.03125,38593,W,L,D,W,W,L,L,W,W,L,32.0,WLDWW,LLWWL,10,6,0,0,0,0,0,0,0,0,0.5625,-0.4375,0.84375,0.125
317,03-04-19,Man City,Cardiff,2,0,H,81,28,21,59,2.40625,0.875,53559,W,W,W,W,W,L,W,L,L,L,32.0,WWWWW,LWLLL,15,3,1,1,0,0,0,0,1,0,1.875,-0.96875,1.53125,0.375
318,03-04-19,Tottenham,Crystal Palace,2,0,H,58,38,34,41,1.90625,1.125,59215,L,L,D,L,L,W,L,W,L,W,32.0,LLDLL,WLWLW,1,9,0,0,0,0,0,0,0,0,0.75,-0.09375,0.78125,-0.25
319,05-04-19,Southampton,Liverpool,1,3,A,35,70,50,18,1.03125,2.375,31797,W,W,L,W,L,W,W,D,W,D,32.0,WWLWL,WWDWD,9,11,0,0,0,0,0,0,0,0,-0.46875,1.625,-1.34375,-0.0625
320,06-04-19,Bournemouth,Burnley,1,3,A,43,37,58,59,1.1515151515151516,1.0,10446,L,D,W,L,L,W,L,L,L,L,33.0,LDWLL,WLLLL,4,3,0,0,0,0,0,0,1,0,-0.45454545454545453,-0.6666666666666666,0.15151515151515152,0.030303030303030304
321,06-04-19,Huddersfield,Leicester,1,4,A,18,42,59,43,0.42424242424242425,1.3333333333333333,24126,L,L,L,L,W,W,W,W,L,W,33.0,LLLLW,WWWLW,3,12,0,0,0,0,0,0,0,0,-1.2424242424242424,-0.030303030303030304,-0.9090909090909091,-0.2727272727272727
322,06-04-19,Newcastle,Crystal Palace,0,1,A,31,38,42,43,1.0606060606060606,1.0909090909090908,51926,L,D,W,L,W,L,W,L,W,L,33.0,LDWLW,LWLWL,7,6,0,0,0,0,0,0,0,0,-0.3333333333333333,-0.15151515151515152,-0.030303030303030304,0.030303030303030304
323,07-04-19,Everton,Arsenal,1,0,H,45,65,42,40,1.303030303030303,1.9090909090909092,39400,W,W,L,D,W,L,W,W,D,W,33.0,WWLDW,LWWDW,10,10,0,0,0,0,0,0,0,0,0.09090909090909091,0.7575757575757576,-0.6060606060606061,0.0
324,08-04-19,Chelsea,West Ham,2,0,H,55,41,34,48,1.9090909090909092,1.2727272727272727,40537,W,W,L,D,W,L,W,L,W,L,33.0,WWLDW,LWLWL,10,6,0,0,0,0,0,0,0,0,0.6363636363636364,-0.21212121212121213,0.6363636363636364,0.12121212121212122
325,12-04-19,Leicester,Newcastle,0,1,A,42,31,43,42,1.3333333333333333,1.0606060606060606,32108,W,W,W,L,W,L,D,W,L,W,33.0,WWWLW,LDWLW,12,7,0,0,0,0,0,0,0,0,-0.030303030303030304,-0.3333333333333333,0.2727272727272727,0.15151515151515152
326,13-04-19,Brighton,Bournemouth,0,5,A,32,43,51,58,1.0,1.1515151515151516,30460,L,L,L,W,W,L,D,W,L,L,33.0,LLLWW,LDWLL,6,4,0,0,0,0,0,0,0,0,-0.5757575757575758,-0.45454545454545453,-0.15151515151515152,0.06060606060606061
327,13-04-19,Burnley,Cardiff,2,0,H,37,28,59,61,1.0,0.8484848484848485,21480,W,L,L,L,L,L,L,W,L,L,33.0,WLLLL,LLWLL,3,3,0,0,1,0,0,0,0,0,-0.6666666666666666,-1.0,0.15151515151515152,0.0
328,13-04-19,Fulham,Everton,2,0,H,29,45,72,42,0.5151515151515151,1.303030303030303,24971,L,L,L,L,L,W,W,L,D,W,33.0,LLLLL,WWLDW,0,10,0,0,1,1,0,0,0,0,-1.303030303030303,0.09090909090909091,-0.7878787878787878,-0.30303030303030304
329,13-04-19,Man United,West Ham,2,1,H,61,41,43,48,1.8484848484848484,1.2727272727272727,74478,L,W,L,W,W,L,W,L,W,L,33.0,LWLWW,LWLWL,9,6,0,0,0,0,0,0,0,0,0.5454545454545454,-0.21212121212121213,0.5757575757575758,0.09090909090909091
330,13-04-19,Southampton,Wolves,3,1,H,39,41,54,42,1.0588235294117647,1.3823529411764706,31708,W,L,W,W,L,L,W,L,D,W,34.0,WLWWL,LWLDW,9,7,0,0,0,0,0,0,0,0,-0.4411764705882353,-0.029411764705882353,-0.3235294117647059,0.058823529411764705
331,13-04-19,Tottenham,Huddersfield,4,0,H,64,19,34,63,1.9705882352941178,0.4117647058823529,58308,W,W,L,L,D,L,L,L,L,L,34.0,WWLLD,LLLLL,7,0,0,0,0,0,0,0,1,1,0.8823529411764706,-1.2941176470588236,1.5588235294117647,0.20588235294117646
332,14-04-19,Crystal Palace,Man City,1,3,A,39,86,43,22,1.1470588235294117,2.4411764705882355,25721,W,L,W,L,W,W,W,W,W,W,34.0,WLWLW,WWWWW,9,15,0,0,0,0,1,1,0,0,-0.11764705882352941,1.8823529411764706,-1.2941176470588236,-0.17647058823529413
333,14-04-19,Liverpool,Chelsea,2,0,H,75,57,20,34,2.411764705882353,1.9411764705882353,53279,W,W,W,W,D,W,W,W,L,D,34.0,WWWWD,WWWLD,13,10,0,0,0,0,0,0,0,0,1.6176470588235294,0.6764705882352942,0.47058823529411764,0.08823529411764706
334,15-04-19,Watford,Arsenal,0,1,A,47,66,48,40,1.3529411764705883,1.9411764705882353,20480,L,W,L,L,W,W,L,W,W,D,34.0,LWLLW,WLWWD,6,10,0,0,0,0,0,0,0,0,-0.029411764705882353,0.7647058823529411,-0.5882352941176471,-0.11764705882352941
335,16-04-19,Brighton,Cardiff,0,2,A,32,28,53,63,0.9705882352941176,0.8235294117647058,30226,L,L,L,L,W,L,L,L,W,L,34.0,LLLLW,LLLWL,3,3,0,0,0,0,0,0,0,0,-0.6176470588235294,-1.0294117647058822,0.14705882352941177,0.0
336,20-04-19,Bournemouth,Fulham,0,1,A,44,30,61,76,1.1176470588235294,0.5,10511,L,L,D,W,L,L,L,L,L,L,34.0,LLDWL,LLLLL,4,0,0,0,0,0,0,0,1,1,-0.5,-1.3529411764705883,0.6176470588235294,0.11764705882352941
337,20-04-19,Huddersfield,Watford,1,2,A,19,47,63,48,0.4117647058823529,1.3529411764705883,23957,L,L,L,L,L,L,W,L,L,W,34.0,LLLLL,LWLLW,0,6,0,0,1,1,0,0,0,0,-1.2941176470588236,-0.029411764705882353,-0.9411764705882353,-0.17647058823529413
338,20-04-19,Man City,Tottenham,1,0,H,86,64,22,34,2.4411764705882355,1.9705882352941178,54489,W,W,W,W,W,W,W,L,L,D,34.0,WWWWW,WWLLD,15,7,1,1,0,0,0,0,0,0,1.8823529411764706,0.8823529411764706,0.47058823529411764,0.23529411764705882
339,20-04-19,Newcastle,Southampton,3,1,H,31,39,43,54,1.0294117647058822,1.0588235294117647,52191,L,L,D,W,L,W,L,W,W,L,34.0,LLDWL,WLWWL,4,9,0,0,0,0,0,0,0,0,-0.35294117647058826,-0.4411764705882353,-0.029411764705882353,-0.14705882352941177
340,20-04-19,West Ham,Leicester,2,2,D,42,46,52,45,1.2,1.3428571428571427,59960,L,L,L,W,L,L,W,W,W,W,35.0,LLLWL,LWWWW,3,12,0,0,0,0,1,0,0,0,-0.2857142857142857,0.02857142857142857,-0.14285714285714285,-0.2571428571428571
341,20-04-19,Wolves,Brighton,0,0,D,41,32,42,53,1.3714285714285714,0.9714285714285714,31096,D,L,W,L,D,D,L,L,L,L,35.0,DLWLD,DLLLL,5,1,0,0,0,0,0,0,1,0,-0.02857142857142857,-0.6,0.4,0.11428571428571428
342,21-04-19,Arsenal,Crystal Palace,2,3,A,68,40,43,46,1.8857142857142857,1.1142857142857143,59929,L,W,L,W,W,L,W,L,W,L,35.0,LWLWW,LWLWL,9,6,0,0,0,0,0,0,0,0,0.7142857142857143,-0.17142857142857143,0.7714285714285715,0.08571428571428572
343,21-04-19,Cardiff,Liverpool,0,2,A,30,77,63,20,0.8857142857142857,2.4285714285714284,33082,W,L,L,L,W,W,W,W,W,W,35.0,WLLLW,WWWWW,6,15,0,0,0,0,1,1,0,0,-0.9428571428571428,1.6285714285714286,-1.542857142857143,-0.2571428571428571
344,21-04-19,Everton,Man United,4,0,H,46,63,44,48,1.3142857142857143,1.8285714285714285,39395,L,W,W,W,L,L,W,L,W,L,35.0,LWWWL,LWLWL,9,6,0,0,0,0,0,0,0,0,0.05714285714285714,0.42857142857142855,-0.5142857142857142,0.08571428571428572
345,22-04-19,Chelsea,Burnley,2,2,D,57,42,36,60,1.8857142857142857,1.1142857142857143,40642,L,W,W,W,L,W,W,W,L,L,35.0,LWWWL,WWWLL,9,9,0,0,0,0,0,0,0,0,0.6,-0.5142857142857142,0.7714285714285715,0.0
346,23-04-19,Tottenham,Brighton,1,0,H,64,32,35,53,1.9142857142857144,0.9714285714285714,56251,L,W,W,L,L,D,L,L,L,L,35.0,LWWLL,DLLLL,6,1,0,0,0,0,0,0,1,0,0.8285714285714286,-0.6,0.9428571428571428,0.14285714285714285
347,23-04-19,Watford,Southampton,1,1,D,49,40,49,57,1.4,1.0285714285714285,19170,W,L,W,L,L,L,W,L,W,W,35.0,WLWLL,LWLWW,6,9,0,0,0,0,0,0,0,0,0.0,-0.4857142857142857,0.37142857142857144,-0.08571428571428572
348,24-04-19,Man United,Man City,0,2,A,63,87,48,22,1.8285714285714285,2.4571428571428573,74431,L,W,L,W,L,W,W,W,W,W,35.0,LWLWL,WWWWW,6,15,0,0,0,0,1,1,0,0,0.42857142857142855,1.8571428571428572,-0.6285714285714286,-0.2571428571428571
349,24-04-19,Wolves,Arsenal,3,1,H,41,68,42,43,1.3714285714285714,1.8857142857142857,31436,D,L,W,L,D,L,W,L,W,W,35.0,DLWLD,LWLWW,5,9,0,0,0,0,0,0,0,0,-0.02857142857142857,0.7142857142857143,-0.5142857142857142,-0.11428571428571428
350,26-04-19,Liverpool,Huddersfield,5,0,H,79,20,20,69,2.4444444444444446,0.3888888888888889,53249,W,W,W,W,W,L,L,L,L,L,36.0,WWWWW,LLLLL,15,0,1,1,0,0,0,0,1,1,1.6388888888888888,-1.3611111111111112,2.0555555555555554,0.4166666666666667
351,27-04-19,Brighton,Newcastle,1,1,D,32,35,54,44,0.9444444444444444,1.1388888888888888,30587,L,D,L,L,L,W,W,L,L,D,36.0,LDLLL,WWLLD,1,7,0,0,1,0,0,0,0,0,-0.6111111111111112,-0.25,-0.19444444444444445,-0.16666666666666666
352,27-04-19,Crystal Palace,Everton,0,0,D,43,50,48,44,1.1666666666666667,1.3611111111111112,25789,W,L,W,L,W,W,L,W,W,W,36.0,WLWLW,WLWWW,9,12,0,0,0,0,1,0,0,0,-0.1388888888888889,0.16666666666666666,-0.19444444444444445,-0.08333333333333333
353,27-04-19,Fulham,Cardiff,1,0,H,33,30,76,65,0.6388888888888888,0.8611111111111112,23822,W,W,L,L,L,L,W,L,L,L,36.0,WWLLL,LWLLL,6,3,0,0,1,0,0,0,1,0,-1.1944444444444444,-0.9722222222222222,-0.2222222222222222,0.08333333333333333
354,27-04-19,Southampton,Bournemouth,3,3,D,41,49,58,62,1.0277777777777777,1.1388888888888888,31310,D,L,W,L,W,L,W,L,L,D,36.0,DLWLW,LWLLD,7,4,0,0,0,0,0,0,0,0,-0.4722222222222222,-0.3611111111111111,-0.1111111111111111,0.08333333333333333
355,27-04-19,Tottenham,West Ham,0,1,A,65,44,35,54,1.9444444444444444,1.1944444444444444,60043,W,L,W,W,L,D,L,L,L,W,36.0,WLWWL,DLLLW,9,4,0,0,0,0,0,0,0,0,0.8333333333333334,-0.2777777777777778,0.75,0.1388888888888889
356,27-04-19,Watford,Wolves,1,2,A,50,44,50,43,1.3888888888888888,1.4166666666666667,20323,D,W,L,W,L,W,D,L,W,L,36.0,DWLWL,WDLWL,7,7,0,0,0,0,0,0,0,0,0.0,0.027777777777777776,-0.027777777777777776,0.0
357,28-04-19,Burnley,Man City,0,1,A,44,89,62,22,1.1111111111111112,2.4722222222222223,21605,D,W,W,W,L,W,W,W,W,W,36.0,DWWWL,WWWWW,10,15,0,0,0,0,1,1,0,0,-0.5,1.8611111111111112,-1.3611111111111112,-0.1388888888888889
358,28-04-19,Leicester,Arsenal,3,0,H,48,69,47,46,1.3333333333333333,1.8333333333333333,32037,D,L,W,W,W,L,L,W,L,W,36.0,DLWWW,LLWLW,10,6,1,0,0,0,0,0,0,0,0.027777777777777776,0.6388888888888888,-0.5,0.1111111111111111
359,28-04-19,Man United,Chelsea,1,1,D,63,59,50,38,1.7777777777777777,1.8611111111111112,74526,L,L,W,L,W,D,L,W,W,W,36.0,LLWLW,DLWWW,6,10,0,0,0,0,1,0,0,0,0.3611111111111111,0.5833333333333334,-0.08333333333333333,-0.1111111111111111
360,03-05-19,Everton,Burnley,2,0,H,50,44,44,63,1.3513513513513513,1.0810810810810811,39303,D,W,L,W,W,L,D,W,W,W,37.0,DWLWW,LDWWW,10,10,0,0,0,0,1,0,0,0,0.16216216216216217,-0.5135135135135135,0.2702702702702703,0.0
361,04-05-19,Bournemouth,Tottenham,1,0,H,52,65,65,36,1.135135135135135,1.8918918918918919,10630,D,L,W,L,L,L,W,L,W,W,37.0,DLWLL,LWLWW,4,9,0,0,0,0,0,0,0,0,-0.35135135135135137,0.7837837837837838,-0.7567567567567568,-0.13513513513513514
362,04-05-19,Cardiff,Crystal Palace,2,3,A,30,43,66,48,0.8378378378378378,1.162162162162162,32133,L,L,W,L,L,D,W,L,W,L,37.0,LLWLL,DWLWL,3,7,0,0,0,0,0,0,0,0,-0.972972972972973,-0.13513513513513514,-0.32432432432432434,-0.10810810810810811
363,04-05-19,Newcastle,Liverpool,2,3,A,36,84,45,20,1.135135135135135,2.4594594594594597,52206,D,W,W,L,L,W,W,W,W,W,37.0,DWWLL,WWWWW,7,15,0,0,0,0,1,1,0,0,-0.24324324324324326,1.7297297297297298,-1.3243243243243243,-0.21621621621621623
364,04-05-19,West Ham,Southampton,3,0,H,45,44,54,61,1.2432432432432432,1.027027027027027,59961,W,D,L,L,L,D,D,L,W,L,37.0,WDLLL,DDLWL,4,5,0,0,1,0,0,0,0,0,-0.24324324324324326,-0.4594594594594595,0.21621621621621623,-0.02702702702702703
365,04-05-19,Wolves,Fulham,1,0,H,46,34,44,76,1.4594594594594594,0.7027027027027027,30456,W,W,D,L,W,W,W,W,L,L,37.0,WWDLW,WWWLL,10,9,0,0,0,0,0,0,0,0,0.05405405405405406,-1.135135135135135,0.7567567567567568,0.02702702702702703
366,05-05-19,Arsenal,Brighton,1,1,D,69,33,49,55,1.7837837837837838,0.9459459459459459,59965,L,L,L,W,L,D,L,D,L,L,37.0,LLLWL,DLDLL,3,2,0,0,0,0,0,0,0,0,0.5405405405405406,-0.5945945945945946,0.8378378378378378,0.02702702702702703
367,05-05-19,Chelsea,Watford,3,0,H,60,51,39,52,1.837837837837838,1.3513513513513513,40650,D,D,L,W,W,L,D,W,L,W,37.0,DDLWW,LDWLW,8,7,0,0,0,0,0,0,0,0,0.5675675675675675,-0.02702702702702703,0.4864864864864865,0.02702702702702703
368,05-05-19,Huddersfield,Man United,1,1,D,20,64,74,51,0.3783783783783784,1.7567567567567568,24263,L,L,L,L,L,D,L,L,W,L,37.0,LLLLL,DLLWL,0,4,0,0,1,1,0,0,0,0,-1.4594594594594594,0.35135135135135137,-1.3783783783783783,-0.10810810810810811
369,06-05-19,Man City,Leicester,1,0,H,90,51,22,47,2.4864864864864864,1.3783783783783783,54506,W,W,W,W,W,W,D,L,W,W,37.0,WWWWW,WDLWW,15,10,1,1,0,0,0,0,0,0,1.837837837837838,0.10810810810810811,1.1081081081081081,0.13513513513513514
370,12-05-19,Brighton,Man City,1,4,A,34,91,56,22,0.9473684210526315,2.5,30662,D,D,L,D,L,W,W,W,W,W,38.0,DDLDL,WWWWW,3,15,0,0,0,0,1,1,0,0,-0.5789473684210527,1.8157894736842106,-1.5526315789473684,-0.3157894736842105
371,12-05-19,Burnley,Arsenal,1,3,A,44,70,65,50,1.0526315789473684,1.763157894736842,21461,L,L,D,W,W,D,L,L,L,W,38.0,LLDWW,DLLLW,7,4,0,0,0,0,0,0,0,0,-0.5526315789473685,0.5263157894736842,-0.7105263157894737,0.07894736842105263
372,12-05-19,Crystal Palace,Bournemouth,5,3,H,46,53,50,65,1.2105263157894737,1.1842105263157894,25433,W,D,W,L,W,W,D,L,W,L,38.0,WDWLW,WDLWL,10,7,0,0,0,0,0,0,0,0,-0.10526315789473684,-0.3157894736842105,0.02631578947368421,0.07894736842105263
373,12-05-19,Fulham,Newcastle,0,4,A,34,38,77,48,0.6842105263157895,1.105263157894737,24979,L,W,W,W,L,L,D,W,W,L,38.0,LWWWL,LDWWL,9,7,0,0,0,0,0,0,0,0,-1.131578947368421,-0.2631578947368421,-0.42105263157894735,0.05263157894736842
374,12-05-19,Leicester,Chelsea,0,0,D,51,63,48,39,1.3421052631578947,1.868421052631579,32140,L,W,D,L,W,W,D,D,L,W,38.0,LWDLW,WDDLW,7,8,0,0,0,0,0,0,0,0,0.07894736842105263,0.631578947368421,-0.5263157894736842,-0.02631578947368421
375,12-05-19,Liverpool,Wolves,2,0,H,87,47,22,44,2.473684210526316,1.5,53331,W,W,W,W,W,W,W,W,D,L,38.0,WWWWW,WWWDL,15,10,1,1,0,0,0,0,0,0,1.7105263157894737,0.07894736842105263,0.9736842105263158,0.13157894736842105
376,12-05-19,Man United,Cardiff,0,2,A,65,32,52,69,1.736842105263158,0.8157894736842105,74457,D,D,L,L,W,L,L,L,W,L,38.0,DDLLW,LLLWL,5,3,0,0,0,0,0,0,0,0,0.34210526315789475,-0.9736842105263158,0.9210526315789473,0.05263157894736842
377,12-05-19,Southampton,Huddersfield,1,1,D,44,21,64,75,1.0,0.39473684210526316,30367,L,D,D,L,W,D,L,L,L,L,38.0,LDDLW,DLLLL,5,1,0,0,0,0,0,0,1,0,-0.5263157894736842,-1.4210526315789473,0.6052631578947368,0.10526315789473684
378,12-05-19,Tottenham,Everton,2,2,D,65,52,37,44,1.8421052631578947,1.394736842105263,60124,L,L,W,L,W,W,D,W,L,W,38.0,LLWLW,WDWLW,6,10,0,0,0,0,0,0,0,0,0.7368421052631579,0.21052631578947367,0.4473684210526316,-0.10526315789473684
379,12-05-19,Watford,West Ham,1,4,A,51,48,55,54,1.3157894736842106,1.2894736842105263,20067,L,L,D,W,L,W,W,D,L,L,38.0,LLDWL,WWDLL,4,7,0,0,0,0,0,0,0,0,-0.10526315789473684,-0.15789473684210525,0.02631578947368421,-0.07894736842105263
